,handicapped-infants,water-project-cost-sharing,adoption-of-the-budget-resolution,physician-fee-freeze,el-salvador-aid,religious-groups-in-schools,anti-satellite-test-ban,aid-to-nicaraguan-contras,mx-missile,immigration,synfuels-corporation-cutback,education-spending,superfund-right-to-sue,crime,duty-free-exports,export-administration-act-south-africa,Class,Pred_20,Pred_21,Pred_22,Pred_23,Pred_24,Pred_25,Pred_26,Pred_27,Pred_28,Pred_29
0,n,y,n,y,y,y,n,n,n,n,n,y,y,y,n,n,republican,republican,,,,,,,,,
1,n,y,y,n,y,y,n,n,n,n,y,n,y,y,n,n,democrat,republican,,,,,,,,,
2,n,y,y,n,n,y,n,n,n,n,y,n,y,n,n,y,democrat,democrat,,,,,,,,,
3,y,y,y,n,y,y,n,n,n,n,y,n,y,y,y,y,democrat,democrat,,,,,,,,,
4,n,y,y,n,y,y,n,n,n,n,n,n,y,y,y,y,democrat,democrat,,,,,,,,,
5,n,y,n,y,y,y,n,n,n,n,n,n,n,y,y,y,democrat,republican,,,,,,,,,
6,n,y,n,y,y,y,n,n,n,n,n,n,y,y,n,y,republican,republican,,,,,,,,,
7,n,y,n,y,y,y,n,n,n,n,n,y,y,y,n,y,republican,republican,,,,,,,,,
8,y,y,y,n,n,n,y,y,y,n,n,n,n,n,n,n,democrat,democrat,,,,,,,,,
9,n,y,n,y,y,n,n,n,n,n,n,n,y,y,n,n,republican,republican,,,,,,,,,
10,n,y,n,y,y,y,n,n,n,n,y,n,y,y,n,n,republican,republican,,,,,,,,,
11,n,y,y,n,n,n,y,y,y,n,n,n,y,n,n,n,democrat,democrat,,,,,,,,,
12,y,y,y,n,n,y,y,y,n,y,y,n,n,n,y,n,democrat,democrat,,,,,,,,,
13,n,y,n,y,y,y,n,n,n,n,n,y,n,n,n,n,republican,republican,,,,,,,,,
14,n,y,n,y,y,y,n,n,n,y,n,y,y,n,n,n,republican,republican,,,,,,,,,
15,y,n,y,n,n,y,n,y,n,y,y,y,n,n,n,y,democrat,democrat,,,,,,,,,
16,y,n,y,n,n,n,y,y,y,n,n,n,y,n,y,y,democrat,democrat,,,,,,,,,
17,n,y,n,y,y,y,n,n,n,n,n,n,y,y,n,n,republican,republican,,,,,,,,,
18,y,y,y,n,n,n,y,y,y,n,y,n,n,n,y,y,democrat,democrat,,,,,,,,,
19,y,y,y,n,n,n,y,y,n,n,y,n,n,n,y,y,democrat,democrat,,,,,,,,,
20,y,y,y,n,n,n,y,y,y,n,n,n,n,n,y,y,democrat,democrat,,,,,,,,,
21,y,n,y,n,n,n,y,y,y,n,n,n,n,n,y,y,democrat,democrat,,,,,,,,,
22,y,y,y,n,n,n,y,y,y,n,n,n,n,n,y,y,democrat,democrat,,,,,,,,,
23,y,n,y,n,n,n,y,y,y,n,n,n,n,n,y,n,democrat,democrat,,,,,,,,,
24,y,n,y,n,n,n,y,y,y,y,n,n,n,n,y,y,democrat,democrat,,,,,,,,,
25,y,n,y,n,n,n,y,y,y,n,y,n,n,n,y,y,democrat,democrat,,,,,,,,,
26,y,y,y,n,n,n,y,y,y,n,y,n,n,n,y,y,democrat,democrat,,,,,,,,,
27,y,n,n,y,y,n,y,y,y,n,n,y,y,y,n,y,republican,republican,,,,,,,,,
28,y,y,y,n,n,n,y,y,y,n,y,n,n,n,y,y,democrat,democrat,,,,,,,,,
29,n,y,n,y,y,y,n,n,n,n,n,y,y,y,n,n,republican,republican,,,,,,,,,
30,y,y,y,n,n,n,y,y,y,n,y,n,n,n,y,n,democrat,democrat,,,,,,,,,
31,y,y,y,n,n,n,y,y,y,y,n,n,y,n,y,y,democrat,democrat,,,,,,,,,
32,n,y,n,y,y,y,n,n,n,n,n,y,y,y,n,y,republican,republican,,,,,,,,,
33,y,y,y,n,n,n,y,y,y,n,n,n,n,n,y,y,democrat,democrat,,,,,,,,,
34,n,y,n,y,y,y,n,n,n,n,n,y,y,y,n,n,republican,republican,,,,,,,,,
35,y,n,n,y,y,y,n,n,n,y,n,y,n,y,n,y,republican,republican,,,,,,,,,
36,y,y,n,y,y,y,n,n,n,n,n,n,y,y,n,y,republican,republican,,,,,,,,,
37,n,y,n,y,y,y,n,n,n,y,n,y,y,y,n,n,republican,republican,,,,,,,,,
38,y,n,y,n,n,n,y,y,y,y,y,n,y,n,y,y,democrat,democrat,,,,,,,,,
39,y,y,y,n,n,n,y,y,y,n,n,n,n,n,n,n,democrat,democrat,,,,,,,,,
40,y,y,y,n,n,n,y,y,y,n,n,n,n,n,y,n,democrat,democrat,,,,,,,,,
41,y,n,y,n,n,n,y,y,y,n,n,n,n,n,n,y,democrat,democrat,,,,,,,,,
42,y,n,y,n,n,n,y,y,y,n,n,n,n,n,y,y,democrat,democrat,,,,,,,,,
43,y,y,y,n,n,n,y,y,y,n,y,n,n,n,n,n,democrat,democrat,,,,,,,,,
44,y,y,y,n,n,n,y,y,n,n,y,n,n,n,y,n,democrat,,democrat,,,,,,,,
45,y,y,y,n,n,n,y,y,y,n,n,n,n,n,n,y,democrat,,democrat,,,,,,,,
46,y,n,y,n,n,n,y,y,n,n,n,n,n,n,n,n,democrat,,democrat,,,,,,,,
47,y,y,y,n,n,n,y,y,n,n,n,n,n,y,n,y,democrat,,democrat,,,,,,,,
48,n,n,n,y,y,y,n,n,n,n,n,y,y,y,n,n,republican,,republican,,,,,,,,
49,y,y,y,n,n,n,y,y,y,n,y,n,n,n,y,y,democrat,,democrat,,,,,,,,
50,n,y,n,y,y,y,n,n,n,n,n,y,y,y,n,y,republican,,republican,,,,,,,,
51,y,y,y,n,n,n,y,y,y,n,n,n,n,n,n,n,democrat,,democrat,,,,,,,,
52,y,y,n,y,y,y,n,n,n,y,n,y,y,y,n,n,republican,,republican,,,,,,,,
53,y,y,y,n,n,y,n,y,n,n,y,y,n,y,n,n,democrat,,democrat,,,,,,,,
54,n,y,n,y,y,y,n,n,n,y,y,y,y,y,n,n,republican,,republican,,,,,,,,
55,n,y,n,y,y,y,n,n,n,y,y,y,y,y,n,y,republican,,republican,,,,,,,,
56,n,y,n,y,y,y,n,n,n,y,n,y,y,y,n,y,republican,,republican,,,,,,,,
57,n,y,n,y,y,y,n,n,n,y,n,y,y,y,n,y,republican,,republican,,,,,,,,
58,n,y,n,y,y,y,n,n,n,y,n,y,y,y,n,n,republican,,republican,,,,,,,,
59,y,y,y,n,n,n,y,y,y,y,n,n,n,n,y,n,democrat,,democrat,,,,,,,,
60,n,y,n,y,y,y,n,n,n,n,n,y,y,y,n,n,republican,,republican,,,,,,,,
61,y,y,y,n,n,n,y,y,y,n,n,n,n,n,n,n,democrat,,democrat,,,,,,,,
62,y,y,y,n,n,n,y,y,y,n,y,n,n,n,n,y,democrat,,democrat,,,,,,,,
63,y,y,y,n,n,n,y,y,y,n,y,n,n,n,n,y,democrat,,democrat,,,,,,,,
64,y,y,n,y,y,y,y,n,n,n,n,y,y,y,n,y,republican,,republican,,,,,,,,
65,n,y,n,y,y,y,y,n,n,n,y,y,y,y,n,y,republican,,republican,,,,,,,,
66,n,y,n,y,y,y,n,n,n,y,n,y,y,y,n,n,republican,,republican,,,,,,,,
67,y,n,y,n,n,n,y,y,y,n,n,n,y,n,y,y,democrat,,democrat,,,,,,,,
68,y,y,y,n,n,n,y,y,y,n,n,n,n,n,y,y,democrat,,democrat,,,,,,,,
69,y,n,y,n,n,n,y,y,y,n,n,n,y,n,y,n,democrat,,democrat,,,,,,,,
70,y,y,y,y,n,n,y,y,y,y,y,n,n,y,n,y,republican,,democrat,,,,,,,,
71,y,y,y,n,n,n,y,y,y,n,y,n,n,n,y,n,democrat,,democrat,,,,,,,,
72,y,n,y,y,y,n,y,n,y,y,n,n,y,y,n,y,republican,,democrat,,,,,,,,
73,y,n,y,n,n,y,y,y,y,y,y,n,n,y,y,y,democrat,,democrat,,,,,,,,
74,n,y,y,y,y,y,n,n,n,y,y,n,y,y,n,n,democrat,,republican,,,,,,,,
75,n,y,y,n,y,y,n,n,n,y,y,y,y,y,n,n,democrat,,republican,,,,,,,,
76,n,y,y,y,y,y,n,y,y,y,y,y,y,y,n,y,democrat,,republican,,,,,,,,
77,y,y,y,n,y,y,n,n,n,y,y,n,y,y,n,y,democrat,,democrat,,,,,,,,
78,n,n,n,y,y,n,n,n,n,y,n,y,y,y,n,n,republican,,republican,,,,,,,,
79,y,n,y,n,n,y,y,y,y,y,n,y,n,y,n,n,democrat,,democrat,,,,,,,,
80,y,n,y,n,n,n,y,y,n,y,y,y,n,y,n,y,democrat,,democrat,,,,,,,,
81,n,n,n,y,y,y,n,n,n,y,n,y,y,y,n,y,republican,,republican,,,,,,,,
82,n,n,n,y,y,y,n,n,n,n,n,y,y,y,n,n,republican,,republican,,,,,,,,
83,n,n,n,y,y,y,n,n,n,y,n,y,y,y,n,n,republican,,republican,,,,,,,,
84,n,n,y,n,y,y,n,n,n,y,y,y,y,y,n,y,democrat,,republican,,,,,,,,
85,n,n,n,y,y,y,n,n,n,y,n,y,y,y,n,n,republican,,republican,,,,,,,,
86,n,n,n,y,y,y,n,n,n,n,n,y,y,y,n,n,republican,,republican,,,,,,,,
87,n,y,y,n,y,y,y,n,y,y,y,n,y,y,n,y,democrat,,democrat,,,,,,,,
88,n,n,n,y,y,y,n,n,n,y,n,n,y,y,n,n,republican,,,republican,,,,,,,
89,y,n,y,n,n,n,y,y,y,y,n,n,n,n,y,y,democrat,,,democrat,,,,,,,
90,y,n,y,n,n,n,y,y,y,y,y,n,n,n,y,y,democrat,,,democrat,,,,,,,
91,y,y,y,n,n,n,y,y,n,y,y,n,n,n,y,y,democrat,,,democrat,,,,,,,
92,y,n,y,n,n,n,y,n,y,y,y,n,n,n,y,y,democrat,,,democrat,,,,,,,
93,y,n,y,n,y,y,n,n,n,n,n,n,n,n,n,y,democrat,,,democrat,,,,,,,
94,y,n,y,n,y,y,n,n,n,n,y,n,n,n,y,y,democrat,,,democrat,,,,,,,
95,n,n,n,n,y,y,n,n,n,n,y,y,y,y,n,y,democrat,,,republican,,,,,,,
96,y,n,n,n,y,y,y,n,n,y,y,n,n,y,n,y,democrat,,,democrat,,,,,,,
97,y,y,y,n,n,y,y,y,y,y,n,n,n,n,n,y,democrat,,,democrat,,,,,,,
98,n,n,n,y,y,y,n,n,n,y,n,y,y,y,n,n,republican,,,republican,,,,,,,
99,y,n,n,n,y,y,n,n,n,n,y,y,n,y,n,y,democrat,,,republican,,,,,,,
100,y,n,y,n,y,y,y,n,n,n,y,n,n,y,n,y,democrat,,,democrat,,,,,,,
101,y,n,y,n,y,y,y,n,n,n,y,n,y,y,y,n,democrat,,,democrat,,,,,,,
102,y,n,n,n,y,y,n,n,n,n,n,n,n,y,n,n,democrat,,,republican,,,,,,,
103,n,n,n,n,n,y,y,y,y,y,n,n,y,y,n,n,democrat,,,democrat,,,,,,,
104,y,y,y,n,n,n,n,y,y,n,y,n,n,n,y,y,democrat,,,democrat,,,,,,,
105,n,y,n,y,y,y,n,n,n,n,n,y,y,y,n,y,republican,,,republican,,,,,,,
106,n,n,n,n,n,n,n,n,n,n,n,n,n,y,n,n,republican,,,democrat,,,,,,,
107,y,n,y,n,n,n,y,y,y,n,n,n,n,n,y,n,democrat,,,democrat,,,,,,,
108,y,n,y,n,n,n,y,y,y,n,n,n,n,n,y,n,democrat,,,democrat,,,,,,,
109,n,n,y,n,n,n,y,y,y,y,n,n,n,n,y,y,democrat,,,democrat,,,,,,,
110,n,n,n,y,y,y,n,n,n,y,n,y,y,y,n,y,republican,,,republican,,,,,,,
111,n,n,y,n,n,y,y,y,n,y,n,n,n,n,y,n,democrat,,,democrat,,,,,,,
112,n,n,n,y,y,y,n,n,n,y,n,y,y,y,n,n,republican,,,republican,,,,,,,
113,y,n,y,n,n,n,y,y,y,n,n,n,n,n,y,n,democrat,,,democrat,,,,,,,
114,n,n,y,n,n,n,y,y,y,y,n,n,n,n,y,y,democrat,,,democrat,,,,,,,
115,y,n,y,n,n,n,y,y,y,n,y,n,n,n,y,y,democrat,,,democrat,,,,,,,
116,y,y,y,y,y,n,y,n,n,n,n,y,y,y,n,y,republican,,,republican,,,,,,,
117,n,y,y,n,n,n,n,y,y,y,y,n,n,n,y,y,democrat,,,democrat,,,,,,,
118,n,n,n,y,y,y,n,n,n,n,n,y,y,y,n,n,republican,,,republican,,,,,,,
119,n,n,n,y,y,y,n,n,n,y,n,y,y,y,n,y,republican,,,republican,,,,,,,
120,n,n,n,y,y,y,n,n,n,y,n,y,y,y,n,y,republican,,,republican,,,,,,,
121,n,n,n,y,y,y,n,n,n,y,n,y,n,y,n,y,republican,,,republican,,,,,,,
122,y,n,n,y,y,y,n,y,n,n,n,y,y,y,n,y,republican,,,republican,,,,,,,
123,n,n,y,n,n,n,y,y,y,n,n,n,n,n,y,y,democrat,,,democrat,,,,,,,
124,n,n,n,y,y,y,n,n,n,y,n,y,y,y,n,y,republican,,,republican,,,,,,,
125,n,n,n,y,y,y,n,n,n,n,n,y,y,y,n,n,republican,,,republican,,,,,,,
126,n,n,y,n,n,n,y,y,y,y,y,n,n,y,y,y,democrat,,,democrat,,,,,,,
127,n,n,y,n,n,y,n,y,n,y,y,n,n,n,y,y,democrat,,,democrat,,,,,,,
128,n,n,y,n,n,n,y,y,n,n,n,n,n,n,n,n,democrat,,,democrat,,,,,,,
129,y,n,y,n,n,n,y,y,y,n,n,n,n,n,y,n,democrat,,,democrat,,,,,,,
130,n,n,y,n,n,y,n,y,y,y,n,n,n,y,n,y,democrat,,,democrat,,,,,,,
131,n,n,n,y,y,y,n,n,n,y,n,y,y,y,n,n,republican,,,republican,,,,,,,
132,n,n,n,y,y,y,n,n,n,y,n,y,y,y,n,y,republican,,,,republican,,,,,,
133,n,n,n,y,y,y,n,n,n,n,n,y,y,y,n,n,republican,,,,republican,,,,,,
134,n,n,n,y,y,y,n,n,n,y,n,y,y,y,n,n,republican,,,,republican,,,,,,
135,n,y,n,y,y,y,n,n,n,y,y,y,y,n,n,y,republican,,,,republican,,,,,,
136,n,n,y,n,n,y,y,y,y,y,n,n,n,y,y,y,democrat,,,,democrat,,,,,,
137,n,n,y,n,n,y,y,y,y,y,n,n,n,y,n,y,democrat,,,,democrat,,,,,,
138,y,n,y,n,n,y,y,y,y,n,n,n,n,n,y,y,democrat,,,,democrat,,,,,,
139,n,n,n,y,n,n,y,y,y,y,n,n,y,y,n,y,republican,,,,democrat,,,,,,
140,n,n,n,y,y,y,y,y,y,y,n,y,y,y,n,y,republican,,,,republican,,,,,,
141,n,n,n,y,y,y,y,y,y,y,n,y,y,y,n,y,republican,,,,republican,,,,,,
142,n,y,n,n,n,n,y,y,y,y,y,n,n,y,y,y,democrat,,,,democrat,,,,,,
143,n,n,n,n,n,y,y,y,y,y,n,n,n,y,n,n,democrat,,,,democrat,,,,,,
144,n,n,y,n,n,y,y,y,y,y,n,n,n,y,n,y,democrat,,,,democrat,,,,,,
145,n,y,n,y,y,y,n,n,n,n,n,y,y,y,n,y,republican,,,,republican,,,,,,
146,n,n,n,n,n,n,y,y,y,y,n,y,y,y,y,y,democrat,,,,democrat,,,,,,
147,n,y,n,y,y,y,n,n,n,y,y,y,y,y,n,y,republican,,,,republican,,,,,,
148,n,n,y,n,n,n,y,y,y,y,n,n,y,n,y,y,democrat,,,,democrat,,,,,,
149,y,y,n,y,y,y,n,n,n,y,n,y,y,y,n,y,republican,,,,republican,,,,,,
150,y,y,n,y,y,y,n,n,y,n,y,n,y,y,n,n,democrat,,,,republican,,,,,,
151,n,y,y,n,n,y,n,y,y,y,y,n,y,n,y,y,democrat,,,,democrat,,,,,,
152,n,n,y,n,n,y,y,y,y,y,y,n,y,y,n,y,democrat,,,,democrat,,,,,,
153,n,y,n,y,y,y,n,n,n,n,n,y,y,y,n,n,republican,,,,republican,,,,,,
154,y,y,n,y,y,y,n,n,n,n,y,y,y,y,n,n,republican,,,,republican,,,,,,
155,y,y,n,y,y,y,y,n,n,n,n,y,y,y,n,n,republican,,,,republican,,,,,,
156,n,y,y,n,n,y,n,y,y,n,y,n,n,n,n,n,democrat,,,,democrat,,,,,,
157,n,y,n,y,y,y,n,n,n,y,n,y,y,y,n,n,republican,,,,republican,,,,,,
158,n,y,y,n,n,y,y,y,y,y,y,n,n,n,n,n,democrat,,,,democrat,,,,,,
159,n,y,n,n,y,y,n,n,n,n,n,y,y,y,y,y,democrat,,,,republican,,,,,,
160,n,n,n,n,y,y,y,n,n,n,n,y,y,y,n,y,democrat,,,,republican,,,,,,
161,n,y,y,n,y,y,y,n,n,n,y,y,y,y,n,y,democrat,,,,republican,,,,,,
162,n,y,n,y,y,y,y,n,n,n,n,y,y,y,n,y,republican,,,,republican,,,,,,
163,y,y,n,n,y,y,n,n,n,y,y,y,y,y,n,n,democrat,,,,republican,,,,,,
164,n,y,y,n,n,y,y,y,y,y,y,n,y,n,y,n,democrat,,,,democrat,,,,,,
165,y,n,y,y,y,y,y,y,n,y,n,y,n,y,y,y,republican,,,,democrat,,,,,,
166,y,n,y,y,y,y,y,y,n,y,y,y,n,y,y,y,republican,,,,democrat,,,,,,
167,n,n,y,y,y,y,n,n,y,n,n,n,y,y,y,n,democrat,,,,republican,,,,,,
168,y,n,y,n,n,n,y,y,y,y,y,n,n,y,n,y,democrat,,,,democrat,,,,,,
169,y,n,y,n,n,n,n,y,y,n,n,n,n,n,y,n,democrat,,,,democrat,,,,,,
170,n,n,n,y,y,y,n,n,n,y,n,y,y,y,n,y,republican,,,,republican,,,,,,
171,n,y,y,n,n,n,y,y,y,y,n,n,n,n,y,y,democrat,,,,democrat,,,,,,
172,n,n,n,n,y,y,n,n,n,y,y,y,y,y,n,y,democrat,,,,republican,,,,,,
173,y,n,y,n,n,n,y,y,y,n,n,n,n,n,y,n,democrat,,,,democrat,,,,,,
174,n,y,y,n,n,n,y,y,y,y,n,n,n,n,y,y,democrat,,,,democrat,,,,,,
175,n,n,y,y,n,n,y,y,y,y,n,n,n,y,y,y,republican,,,,democrat,,,,,,
176,n,n,y,n,n,n,y,y,y,y,y,n,n,n,y,y,democrat,,,,,democrat,,,,,
177,n,n,y,n,n,n,y,y,y,y,y,n,n,n,y,n,democrat,,,,,democrat,,,,,
178,y,n,y,n,n,n,y,y,y,y,n,n,n,n,y,y,democrat,,,,,democrat,,,,,
179,n,n,y,n,n,n,y,y,y,n,n,n,n,n,n,n,democrat,,,,,democrat,,,,,
180,n,n,y,n,n,n,y,y,y,y,y,n,n,n,y,y,democrat,,,,,democrat,,,,,
181,y,n,y,n,n,n,y,y,y,n,n,n,n,n,y,y,democrat,,,,,democrat,,,,,
182,n,n,n,n,n,n,n,n,y,n,n,n,n,n,n,n,democrat,,,,,democrat,,,,,
183,n,n,y,n,n,n,y,y,y,y,y,n,n,n,y,y,democrat,,,,,democrat,,,,,
184,y,n,y,n,n,n,y,y,y,y,n,n,n,n,y,y,democrat,,,,,democrat,,,,,
185,n,y,y,n,n,n,y,y,y,y,y,n,n,n,y,y,democrat,,,,,democrat,,,,,
186,y,n,y,n,n,n,y,y,y,n,n,n,n,n,y,n,democrat,,,,,democrat,,,,,
187,y,n,n,y,y,y,y,y,n,n,n,y,n,y,n,n,republican,,,,,republican,,,,,
188,y,n,y,n,n,n,y,y,y,n,n,n,n,n,y,y,democrat,,,,,democrat,,,,,
189,n,n,n,y,y,y,n,n,n,n,n,y,y,y,n,n,republican,,,,,republican,,,,,
190,n,y,n,y,y,y,n,n,n,y,n,y,y,y,n,n,republican,,,,,republican,,,,,
191,n,n,n,n,n,y,y,y,y,n,y,n,n,y,y,y,democrat,,,,,democrat,,,,,
192,n,n,y,n,n,n,y,y,y,n,n,n,n,n,y,y,democrat,,,,,democrat,,,,,
193,n,n,y,n,n,y,y,n,y,y,y,n,n,n,y,y,democrat,,,,,democrat,,,,,
194,n,n,n,y,y,y,n,n,n,n,n,y,y,y,n,n,republican,,,,,republican,,,,,
195,n,n,y,n,n,y,y,y,y,n,y,y,n,y,y,n,democrat,,,,,democrat,,,,,
196,n,n,y,y,y,y,n,n,n,y,n,n,n,y,n,y,republican,,,,,republican,,,,,
197,n,n,y,n,n,n,y,y,y,y,y,n,n,n,y,n,democrat,,,,,democrat,,,,,
198,y,y,n,n,n,n,y,y,n,n,y,n,n,n,y,n,democrat,,,,,democrat,,,,,
199,n,n,y,n,n,n,y,y,y,n,n,n,n,y,y,y,democrat,,,,,democrat,,,,,
200,y,y,y,n,n,n,y,y,y,n,n,n,n,n,y,y,democrat,,,,,democrat,,,,,
201,y,n,y,n,n,y,y,y,y,y,y,n,n,n,y,y,democrat,,,,,democrat,,,,,
202,y,n,y,n,n,n,y,y,y,y,n,n,n,n,y,y,democrat,,,,,democrat,,,,,
203,n,n,y,y,y,y,y,n,n,n,n,y,y,y,n,y,republican,,,,,republican,,,,,
204,n,n,y,n,n,y,y,y,y,y,n,y,n,n,n,y,democrat,,,,,democrat,,,,,
205,n,n,n,y,y,y,n,n,n,y,n,y,n,y,n,y,republican,,,,,republican,,,,,
206,y,n,n,y,y,y,y,n,n,y,n,y,y,y,n,y,republican,,,,,republican,,,,,
207,n,n,y,n,n,n,y,y,y,n,n,n,n,n,y,y,democrat,,,,,democrat,,,,,
208,y,y,y,n,n,n,y,y,y,y,y,n,n,n,n,y,democrat,,,,,democrat,,,,,
209,n,n,y,n,n,y,y,y,y,n,n,n,n,n,y,y,democrat,,,,,democrat,,,,,
210,n,y,n,y,y,y,n,n,n,y,n,y,y,y,n,y,republican,,,,,republican,,,,,
211,n,n,y,n,n,n,y,y,y,n,y,n,n,n,y,y,democrat,,,,,democrat,,,,,
212,n,y,y,n,n,y,n,y,y,n,y,n,y,n,y,y,democrat,,,,,democrat,,,,,
213,y,y,n,y,y,y,n,n,n,y,n,y,y,y,n,y,republican,,,,,republican,,,,,
214,n,y,y,y,y,y,n,n,n,y,y,y,y,y,y,n,democrat,,,,,republican,,,,,
215,y,y,y,n,y,y,n,n,n,y,n,n,n,y,y,n,democrat,,,,,democrat,,,,,
216,n,y,n,y,y,y,n,n,n,y,n,y,y,y,n,n,republican,,,,,republican,,,,,
217,y,n,y,n,n,n,y,y,y,n,n,n,n,n,y,n,democrat,,,,,democrat,,,,,
218,n,y,y,n,n,n,n,y,y,n,y,n,n,y,y,y,democrat,,,,,democrat,,,,,
219,n,n,y,n,n,n,y,y,y,n,n,n,n,n,y,n,democrat,,,,,,democrat,,,,
220,n,y,y,n,y,y,n,n,n,n,y,n,n,n,y,n,democrat,,,,,,democrat,,,,
221,y,n,y,n,n,n,y,y,y,n,y,n,n,n,y,n,democrat,,,,,,democrat,,,,
222,n,n,n,y,y,n,n,n,n,n,n,y,y,y,n,y,republican,,,,,,republican,,,,
223,n,y,n,y,y,y,n,n,n,y,n,n,y,y,n,n,republican,,,,,,republican,,,,
224,n,n,n,y,y,y,n,n,n,n,n,y,y,y,n,y,republican,,,,,,republican,,,,
225,n,n,y,n,n,y,y,y,y,n,y,n,n,y,y,y,democrat,,,,,,democrat,,,,
226,y,n,y,n,n,n,y,y,y,n,n,n,n,n,n,y,democrat,,,,,,democrat,,,,
227,n,y,n,y,y,y,n,n,n,n,n,y,y,n,n,y,republican,,,,,,republican,,,,
228,n,y,y,y,y,y,y,n,y,y,n,y,y,y,n,y,republican,,,,,,republican,,,,
229,n,y,n,y,y,y,n,n,n,n,n,y,y,y,n,y,republican,,,,,,republican,,,,
230,n,y,n,y,y,y,n,n,y,y,n,y,y,y,n,y,republican,,,,,,republican,,,,
231,n,y,y,n,n,n,y,y,n,n,y,n,n,n,y,n,democrat,,,,,,democrat,,,,
232,n,y,n,y,y,y,n,n,n,y,n,y,y,y,n,y,republican,,,,,,republican,,,,
233,n,n,y,n,n,y,y,y,y,y,n,y,n,y,y,n,democrat,,,,,,democrat,,,,
234,n,n,n,y,y,y,n,n,n,y,n,y,n,y,n,y,republican,,,,,,republican,,,,
235,n,n,y,n,n,n,y,y,y,n,n,n,n,n,y,y,democrat,,,,,,democrat,,,,
236,y,n,y,n,n,y,y,y,n,n,n,y,y,n,n,y,democrat,,,,,,democrat,,,,
237,y,y,y,n,n,n,y,y,n,y,n,n,n,n,y,n,democrat,,,,,,democrat,,,,
238,n,n,n,y,y,y,y,n,n,y,n,n,n,y,y,y,republican,,,,,,republican,,,,
239,n,n,n,y,n,y,y,n,y,n,n,y,y,y,n,y,republican,,,,,,republican,,,,
240,y,n,y,n,n,n,y,y,y,y,y,n,n,y,y,y,democrat,,,,,,democrat,,,,
241,n,n,n,n,y,y,y,n,n,n,n,n,n,y,y,y,republican,,,,,,democrat,,,,
242,n,y,y,n,n,n,y,y,n,y,n,n,y,n,y,y,democrat,,,,,,democrat,,,,
243,y,n,y,n,n,n,n,y,y,y,n,n,n,n,y,y,democrat,,,,,,democrat,,,,
244,y,n,y,n,n,n,y,y,y,y,y,n,n,n,y,y,democrat,,,,,,democrat,,,,
245,n,n,y,n,y,n,y,y,y,n,n,n,n,y,n,y,democrat,,,,,,democrat,,,,
246,n,y,n,y,y,y,n,n,n,n,n,n,y,y,n,n,republican,,,,,,republican,,,,
247,n,n,n,n,n,n,n,n,n,n,n,n,n,n,n,n,republican,,,,,,democrat,,,,
248,y,n,y,n,n,n,y,y,n,n,y,n,n,n,y,y,democrat,,,,,,democrat,,,,
249,n,y,n,y,y,y,n,n,n,n,n,y,y,y,n,n,republican,,,,,,republican,,,,
250,n,y,n,y,y,y,n,n,n,n,n,y,y,y,n,n,republican,,,,,,republican,,,,
251,y,y,y,n,n,y,y,y,y,n,n,n,n,n,y,y,democrat,,,,,,democrat,,,,
252,n,y,n,y,y,y,n,n,n,n,n,y,y,y,n,y,republican,,,,,,republican,,,,
253,y,n,y,n,n,n,y,y,y,y,n,n,n,n,n,y,democrat,,,,,,democrat,,,,
254,y,n,y,n,n,n,y,y,y,y,n,n,n,y,y,y,democrat,,,,,,democrat,,,,
255,n,n,n,y,y,n,n,n,n,n,n,y,n,y,n,n,republican,,,,,,republican,,,,
256,n,n,n,y,y,n,n,n,n,n,n,y,n,y,n,y,republican,,,,,,republican,,,,
257,n,n,y,n,n,n,y,y,y,n,y,n,n,n,y,y,democrat,,,,,,democrat,,,,
258,y,n,y,n,n,n,y,y,y,n,n,n,n,n,n,y,democrat,,,,,,democrat,,,,
259,y,n,y,n,n,n,y,y,y,y,n,n,n,n,n,y,democrat,,,,,,democrat,,,,
260,y,n,y,n,n,n,y,y,y,n,n,n,n,n,n,n,democrat,,,,,,democrat,,,,
261,y,n,y,n,n,n,y,y,y,y,n,n,n,n,y,y,democrat,,,,,,democrat,,,,
262,y,n,y,n,n,n,y,y,y,n,n,n,n,n,y,n,democrat,,,,,,,democrat,,,
263,y,n,y,n,n,n,y,y,y,n,n,n,n,n,y,n,democrat,,,,,,,democrat,,,
264,y,n,y,n,n,n,y,y,y,y,n,n,n,n,n,y,democrat,,,,,,,democrat,,,
265,n,n,n,y,y,y,n,n,n,y,n,y,n,y,n,y,republican,,,,,,,republican,,,
266,y,n,n,n,n,n,y,y,y,y,n,n,n,y,n,y,republican,,,,,,,democrat,,,
267,y,n,y,n,n,n,y,y,y,n,n,n,n,n,y,n,democrat,,,,,,,democrat,,,
268,y,n,y,n,n,n,y,y,y,n,n,n,n,n,n,y,democrat,,,,,,,democrat,,,
269,y,y,y,n,n,n,y,y,y,n,n,n,n,n,y,y,democrat,,,,,,,democrat,,,
270,n,y,y,n,n,y,y,y,y,n,n,n,n,n,n,y,democrat,,,,,,,democrat,,,
271,y,n,y,n,n,n,y,y,y,y,n,n,n,n,y,n,democrat,,,,,,,democrat,,,
272,n,n,n,y,y,n,y,y,n,y,n,y,y,y,n,y,republican,,,,,,,republican,,,
273,y,n,n,y,y,n,y,n,n,y,n,n,n,y,y,y,republican,,,,,,,republican,,,
274,n,n,y,n,y,y,n,n,n,n,n,n,y,y,n,n,democrat,,,,,,,republican,,,
275,n,n,n,y,y,y,n,n,n,n,n,y,y,y,y,n,republican,,,,,,,republican,,,
276,n,n,y,y,y,y,y,y,n,y,n,n,n,y,n,y,republican,,,,,,,republican,,,
277,n,n,n,y,y,y,n,n,n,n,n,y,y,y,n,y,republican,,,,,,,republican,,,
278,n,n,n,y,y,y,n,n,n,y,n,y,y,y,n,n,republican,,,,,,,republican,,,
279,n,n,y,n,n,n,y,y,y,y,n,n,n,y,n,y,democrat,,,,,,,democrat,,,
280,y,n,y,y,y,y,y,y,n,n,n,n,n,y,n,n,republican,,,,,,,democrat,,,
281,y,n,n,y,y,y,n,n,n,y,n,n,y,y,n,n,republican,,,,,,,republican,,,
282,n,n,n,y,y,y,n,n,n,n,n,y,y,y,n,y,republican,,,,,,,republican,,,
283,n,n,y,n,n,y,y,y,y,y,y,n,n,n,n,y,democrat,,,,,,,democrat,,,
284,n,n,y,n,n,y,y,y,y,y,y,n,n,n,y,y,democrat,,,,,,,democrat,,,
285,n,n,y,n,n,y,n,y,n,y,y,y,n,y,y,n,democrat,,,,,,,democrat,,,
286,y,y,y,n,n,y,y,y,y,n,y,n,y,n,n,y,democrat,,,,,,,democrat,,,
287,y,y,y,n,y,y,n,y,n,y,y,n,y,y,y,y,democrat,,,,,,,democrat,,,
288,y,y,y,n,y,y,n,y,n,y,y,n,y,y,n,n,democrat,,,,,,,democrat,,,
289,y,n,y,n,n,y,n,y,y,y,n,n,y,y,n,y,democrat,,,,,,,democrat,,,
290,y,n,y,n,n,y,y,y,y,y,n,n,n,y,n,y,democrat,,,,,,,democrat,,,
291,y,n,y,n,n,y,y,y,n,y,y,n,y,y,y,y,democrat,,,,,,,democrat,,,
292,y,y,y,n,n,y,y,y,y,y,y,n,y,y,y,y,democrat,,,,,,,democrat,,,
293,n,y,y,n,n,y,y,y,n,y,y,n,y,y,n,n,democrat,,,,,,,democrat,,,
294,n,y,n,y,y,y,n,n,n,y,n,y,n,n,n,n,republican,,,,,,,republican,,,
295,n,n,y,y,y,y,n,n,n,y,n,y,y,y,y,y,republican,,,,,,,republican,,,
296,y,y,y,n,n,y,y,y,y,y,n,n,n,n,y,n,democrat,,,,,,,democrat,,,
297,n,y,n,n,n,n,y,y,y,y,y,n,n,n,y,y,democrat,,,,,,,democrat,,,
298,n,y,y,n,n,y,y,y,y,y,n,n,y,y,y,y,democrat,,,,,,,democrat,,,
299,n,n,n,y,y,n,y,y,y,y,n,y,y,y,n,y,republican,,,,,,,republican,,,
300,n,n,n,n,n,y,y,y,y,n,n,n,n,n,y,y,democrat,,,,,,,democrat,,,
301,n,n,n,y,y,y,y,n,n,y,n,y,y,y,n,y,republican,,,,,,,republican,,,
302,n,n,n,y,y,y,n,n,n,n,n,y,y,y,n,n,republican,,,,,,,republican,,,
303,n,y,n,y,y,y,n,n,n,y,n,y,y,y,n,n,republican,,,,,,,republican,,,
304,n,n,n,y,y,y,n,n,n,y,n,y,y,y,n,n,republican,,,,,,,republican,,,
305,n,n,n,y,y,y,n,n,n,n,n,y,y,y,n,n,republican,,,,,,,,republican,,
306,y,n,y,n,n,y,y,y,y,n,n,n,n,y,n,n,democrat,,,,,,,,democrat,,
307,n,n,n,y,y,y,n,n,n,y,n,y,y,y,n,n,republican,,,,,,,,republican,,
308,y,n,n,n,n,y,y,y,y,y,n,n,n,y,y,y,democrat,,,,,,,,democrat,,
309,n,n,n,y,y,y,n,n,n,y,n,y,y,y,y,n,republican,,,,,,,,republican,,
310,n,n,y,n,n,y,y,y,y,y,n,n,y,n,n,y,democrat,,,,,,,,democrat,,
311,y,y,y,n,n,n,y,y,y,y,n,n,n,n,y,y,democrat,,,,,,,,democrat,,
312,n,y,y,y,y,y,n,n,n,y,n,y,y,y,n,y,republican,,,,,,,,republican,,
313,n,y,n,y,y,y,y,y,n,n,y,y,y,y,y,y,republican,,,,,,,,republican,,
314,n,y,y,y,y,y,y,n,n,n,n,n,n,n,y,n,republican,,,,,,,,democrat,,
315,n,n,n,n,n,y,n,y,y,n,y,y,y,y,y,n,democrat,,,,,,,,democrat,,
316,y,n,n,n,n,n,y,y,y,y,n,n,n,n,y,y,democrat,,,,,,,,democrat,,
317,n,n,y,n,n,n,y,y,y,n,n,n,n,n,y,n,democrat,,,,,,,,democrat,,
318,y,n,y,n,n,n,y,y,y,n,n,n,n,n,y,n,democrat,,,,,,,,democrat,,
319,n,y,y,n,n,y,n,y,y,y,n,n,y,y,n,y,democrat,,,,,,,,democrat,,
320,y,y,y,n,n,n,y,y,y,y,n,n,y,n,n,y,democrat,,,,,,,,democrat,,
321,y,y,y,n,n,y,n,n,n,n,y,n,y,y,n,n,democrat,,,,,,,,democrat,,
322,y,y,y,n,y,y,n,y,n,y,n,n,y,y,n,n,democrat,,,,,,,,democrat,,
323,n,y,n,y,y,y,n,n,n,n,y,y,y,y,n,n,republican,,,,,,,,republican,,
324,n,y,n,n,y,y,n,n,n,n,n,y,y,y,n,y,democrat,,,,,,,,republican,,
325,y,y,n,y,n,n,y,y,y,n,y,n,n,y,n,y,democrat,,,,,,,,democrat,,
326,n,y,n,y,y,y,n,n,n,n,n,y,y,y,n,y,republican,,,,,,,,republican,,
327,y,y,y,n,n,n,y,y,y,n,y,n,n,n,n,y,democrat,,,,,,,,democrat,,
328,y,n,y,n,n,y,y,y,y,y,n,n,n,n,y,n,democrat,,,,,,,,democrat,,
329,n,y,n,y,y,y,n,n,n,y,n,y,y,y,n,n,republican,,,,,,,,republican,,
330,y,n,y,n,n,n,y,y,y,n,n,n,n,n,y,n,democrat,,,,,,,,democrat,,
331,y,n,y,n,n,n,y,y,y,n,y,n,n,n,y,n,democrat,,,,,,,,democrat,,
332,n,n,y,n,n,n,y,y,y,n,n,n,n,n,y,y,democrat,,,,,,,,democrat,,
333,n,y,y,n,n,y,y,y,n,n,y,y,n,n,y,y,democrat,,,,,,,,democrat,,
334,n,n,n,y,y,y,n,n,n,y,y,y,y,y,n,n,republican,,,,,,,,republican,,
335,n,n,y,n,n,y,y,y,n,n,y,n,n,y,n,y,democrat,,,,,,,,democrat,,
336,y,n,y,n,n,n,y,y,y,n,n,n,n,n,y,y,democrat,,,,,,,,democrat,,
337,y,n,y,n,n,n,y,y,y,y,n,n,n,y,y,y,democrat,,,,,,,,democrat,,
338,y,n,n,y,y,y,n,n,n,n,y,y,y,y,n,n,republican,,,,,,,,republican,,
339,n,n,n,y,y,y,n,n,n,y,y,y,n,y,n,y,republican,,,,,,,,republican,,
340,n,n,y,n,n,y,y,y,y,y,y,n,n,n,y,y,democrat,,,,,,,,democrat,,
341,n,y,y,n,y,n,y,n,n,y,y,n,y,n,y,y,democrat,,,,,,,,democrat,,
342,n,n,n,y,y,n,y,n,y,y,n,n,n,y,n,y,republican,,,,,,,,republican,,
343,n,n,y,n,n,n,y,y,y,y,y,n,n,n,y,y,democrat,,,,,,,,democrat,,
344,n,n,n,y,y,y,y,n,n,y,n,y,n,y,y,y,republican,,,,,,,,republican,,
345,n,n,n,y,y,y,n,n,n,y,n,y,y,y,n,y,republican,,,,,,,,republican,,
346,y,n,n,y,y,y,n,n,n,y,n,y,y,y,n,n,republican,,,,,,,,republican,,
347,y,n,y,n,n,n,y,y,y,y,n,y,n,n,y,n,democrat,,,,,,,,democrat,,
348,n,y,y,y,y,y,y,y,y,n,n,y,y,y,n,y,republican,,,,,,,,,republican,
349,n,y,n,n,n,y,y,n,y,n,y,n,n,n,y,y,democrat,,,,,,,,,democrat,
350,n,n,y,y,y,y,y,y,y,y,n,y,y,y,y,y,republican,,,,,,,,,republican,
351,n,y,n,y,n,y,y,y,y,n,y,n,y,n,y,n,democrat,,,,,,,,,democrat,
352,n,n,y,y,y,y,y,n,n,y,y,y,y,y,n,y,republican,,,,,,,,,republican,
353,n,y,y,n,n,y,y,y,y,y,n,n,n,n,y,y,democrat,,,,,,,,,democrat,
354,y,n,y,y,n,n,n,y,y,y,n,n,n,y,y,y,republican,,,,,,,,,democrat,
355,n,n,n,y,y,y,n,n,n,n,n,y,y,y,n,n,republican,,,,,,,,,republican,
356,n,n,n,y,y,y,n,n,n,n,n,y,y,y,n,n,republican,,,,,,,,,republican,
357,y,y,y,n,n,y,y,y,y,y,y,y,y,y,n,n,democrat,,,,,,,,,democrat,
358,n,n,n,y,y,y,n,n,n,y,n,y,y,y,n,y,republican,,,,,,,,,republican,
359,y,n,y,n,n,y,y,y,y,y,n,n,y,n,n,y,democrat,,,,,,,,,democrat,
360,y,n,y,n,y,y,y,n,y,y,n,n,y,y,n,n,democrat,,,,,,,,,democrat,
361,y,y,y,n,n,y,y,y,y,y,y,y,y,n,n,y,democrat,,,,,,,,,democrat,
362,y,y,n,y,y,y,n,n,n,y,y,n,y,n,n,n,republican,,,,,,,,,republican,
363,y,y,n,y,y,y,n,n,n,n,y,n,y,y,n,y,republican,,,,,,,,,republican,
364,n,y,n,n,y,y,n,n,n,y,y,n,y,y,n,n,democrat,,,,,,,,,republican,
365,y,n,y,n,n,n,y,y,n,y,y,n,n,n,n,n,democrat,,,,,,,,,democrat,
366,y,y,y,n,y,y,y,y,n,y,y,n,n,n,y,n,democrat,,,,,,,,,democrat,
367,n,y,y,n,n,y,y,y,n,y,n,n,n,n,y,y,democrat,,,,,,,,,democrat,
368,n,y,n,y,y,y,n,n,n,n,n,n,y,y,n,y,republican,,,,,,,,,republican,
369,y,y,y,n,n,y,y,y,n,y,n,n,n,n,y,y,democrat,,,,,,,,,democrat,
370,y,y,y,n,n,n,y,y,y,y,n,n,n,n,y,n,democrat,,,,,,,,,democrat,
371,n,y,y,y,y,y,n,n,n,n,y,y,n,y,n,n,democrat,,,,,,,,,republican,
372,n,y,y,n,y,y,n,y,n,y,n,n,y,y,n,y,democrat,,,,,,,,,democrat,
373,n,y,n,y,y,y,n,n,n,n,n,y,y,y,n,y,republican,,,,,,,,,republican,
374,n,y,n,y,y,y,n,n,n,n,y,y,n,y,n,n,democrat,,,,,,,,,republican,
375,y,n,y,n,n,n,y,y,y,n,y,n,n,n,y,y,democrat,,,,,,,,,democrat,
376,n,y,n,y,y,y,n,n,n,n,n,n,y,n,n,n,republican,,,,,,,,,republican,
377,n,n,n,y,y,y,n,n,n,n,n,y,y,y,n,y,republican,,,,,,,,,republican,
378,n,n,n,y,y,y,n,n,n,n,n,y,y,y,n,y,republican,,,,,,,,,republican,
379,y,y,y,n,n,y,n,y,y,n,y,n,y,n,y,y,democrat,,,,,,,,,democrat,
380,y,y,y,n,y,y,y,y,y,y,y,n,y,y,n,n,democrat,,,,,,,,,democrat,
381,y,y,n,y,y,y,n,n,n,n,y,n,y,y,n,n,democrat,,,,,,,,,republican,
382,y,y,y,n,y,y,n,y,y,y,y,n,n,n,n,y,democrat,,,,,,,,,democrat,
383,y,y,y,y,y,y,n,n,n,n,y,y,y,y,n,y,democrat,,,,,,,,,republican,
384,y,y,n,n,y,y,n,n,n,n,y,y,y,y,y,n,democrat,,,,,,,,,republican,
385,n,n,y,n,y,y,n,y,n,n,y,n,n,n,n,n,democrat,,,,,,,,,democrat,
386,y,y,y,n,y,y,n,y,y,n,y,n,n,y,n,n,democrat,,,,,,,,,democrat,
387,n,y,y,y,y,y,n,n,n,n,n,y,y,y,n,n,democrat,,,,,,,,,republican,
388,y,n,y,n,n,n,y,y,y,n,y,n,n,n,y,n,democrat,,,,,,,,,democrat,
389,n,n,n,n,n,y,n,n,n,n,y,y,n,y,n,n,democrat,,,,,,,,,republican,
390,y,y,n,n,n,n,n,y,y,n,y,n,n,n,y,n,democrat,,,,,,,,,democrat,
391,y,y,n,y,y,y,n,n,n,n,y,y,y,y,n,y,republican,,,,,,,,,,republican
392,n,n,n,n,n,y,n,y,y,n,n,y,y,n,n,n,republican,,,,,,,,,,democrat
393,y,y,n,n,n,y,n,n,n,n,y,n,y,n,n,y,democrat,,,,,,,,,,democrat
394,y,y,y,n,n,n,n,y,n,n,y,n,n,n,y,y,democrat,,,,,,,,,,democrat
395,y,y,y,n,y,y,n,y,n,n,y,n,y,n,y,y,democrat,,,,,,,,,,democrat
396,y,y,n,n,y,n,n,n,n,n,y,n,y,y,n,y,democrat,,,,,,,,,,republican
397,n,y,y,n,y,y,n,y,n,n,n,n,n,n,n,y,democrat,,,,,,,,,,democrat
398,n,y,n,y,n,y,n,n,n,y,n,y,y,y,n,n,republican,,,,,,,,,,republican
399,n,y,n,y,y,y,n,n,n,n,n,n,n,y,n,n,republican,,,,,,,,,,republican
400,n,y,n,y,y,y,n,n,n,y,y,y,y,y,n,n,republican,,,,,,,,,,republican
401,n,n,y,y,n,y,y,y,y,y,n,y,n,y,n,y,republican,,,,,,,,,,democrat
402,n,y,n,y,y,y,n,n,n,y,n,y,n,y,n,n,republican,,,,,,,,,,republican
403,y,y,n,y,y,y,n,n,n,y,n,y,y,y,n,y,republican,,,,,,,,,,republican
404,n,n,n,y,y,y,n,n,n,n,n,y,y,y,n,y,republican,,,,,,,,,,republican
405,y,n,y,n,y,y,n,n,y,y,n,n,y,y,n,y,democrat,,,,,,,,,,democrat
406,n,n,n,y,y,y,n,n,n,n,y,y,y,y,n,n,democrat,,,,,,,,,,republican
407,y,n,y,n,n,y,y,y,y,n,n,y,n,y,y,y,democrat,,,,,,,,,,democrat
408,n,n,n,y,y,y,n,n,n,n,n,y,y,y,n,n,republican,,,,,,,,,,republican
409,n,n,n,y,y,y,n,n,n,n,y,y,y,y,n,y,republican,,,,,,,,,,republican
410,y,n,y,n,n,y,y,y,y,y,y,n,n,n,n,y,democrat,,,,,,,,,,democrat
411,n,n,n,y,y,y,n,n,n,y,n,y,y,y,n,y,republican,,,,,,,,,,republican
412,y,y,y,y,y,y,y,y,n,y,n,n,n,y,n,y,republican,,,,,,,,,,democrat
413,y,y,y,n,n,n,y,y,y,n,n,n,n,n,n,y,democrat,,,,,,,,,,democrat
414,n,y,y,n,n,y,y,y,n,y,n,n,n,n,n,y,democrat,,,,,,,,,,democrat
415,y,y,n,y,y,y,n,n,n,y,n,n,y,y,n,y,republican,,,,,,,,,,republican
416,y,y,y,n,n,n,y,y,y,y,y,n,y,n,n,y,democrat,,,,,,,,,,democrat
417,y,y,y,n,n,n,y,y,n,y,n,n,n,n,n,y,democrat,,,,,,,,,,democrat
418,y,y,y,n,n,n,y,y,y,n,n,n,n,n,n,y,democrat,,,,,,,,,,democrat
419,y,y,y,y,y,y,y,y,n,y,n,n,y,y,n,y,republican,,,,,,,,,,republican
420,n,y,y,n,y,y,y,y,n,n,y,n,y,n,y,y,democrat,,,,,,,,,,democrat
421,n,n,y,n,n,y,y,y,y,n,y,n,n,n,y,y,democrat,,,,,,,,,,democrat
422,n,y,y,n,n,y,y,y,y,n,y,n,n,y,y,y,democrat,,,,,,,,,,democrat
423,n,y,y,n,n,n,y,y,y,y,y,n,n,y,y,y,democrat,,,,,,,,,,democrat
424,n,n,y,n,n,n,y,y,n,y,y,n,n,n,y,n,democrat,,,,,,,,,,democrat
425,y,n,y,n,n,n,y,y,y,y,n,n,n,n,y,y,democrat,,,,,,,,,,democrat
426,n,n,n,y,y,y,y,y,n,y,n,y,y,y,n,y,republican,,,,,,,,,,republican
427,n,n,n,n,n,n,y,y,y,y,n,n,y,n,y,y,democrat,,,,,,,,,,democrat
428,y,n,y,n,n,n,y,y,y,y,n,y,n,n,y,y,democrat,,,,,,,,,,democrat
429,n,n,y,y,y,y,n,n,y,y,n,y,y,y,n,y,republican,,,,,,,,,,republican
430,n,n,y,n,n,n,y,y,y,y,n,n,n,n,n,y,democrat,,,,,,,,,,democrat
431,n,n,n,y,y,y,n,n,n,n,y,y,y,y,n,y,republican,,,,,,,,,,republican
432,n,n,n,y,y,y,n,n,n,n,n,y,y,y,n,y,republican,,,,,,,,,,republican
433,n,y,n,y,y,y,n,n,n,y,n,y,y,y,n,n,republican,,,,,,,,,,republican
