,handicapped-infants,water-project-cost-sharing,adoption-of-the-budget-resolution,physician-fee-freeze,el-salvador-aid,religious-groups-in-schools,anti-satellite-test-ban,aid-to-nicaraguan-contras,mx-missile,immigration,synfuels-corporation-cutback,education-spending,superfund-right-to-sue,crime,duty-free-exports,export-administration-act-south-africa,Class,Pred_3
0,n,y,n,y,y,y,n,n,n,n,n,n,y,y,n,n,republican,
1,n,y,y,n,y,y,n,n,n,n,y,y,y,y,n,n,democrat,
2,n,y,y,n,n,y,n,n,n,n,y,n,y,n,n,y,democrat,
3,y,y,y,n,y,y,n,n,n,n,y,n,y,y,y,y,democrat,
4,n,y,y,n,y,y,n,n,n,n,y,n,y,y,y,y,democrat,
5,n,y,n,y,y,y,n,n,n,n,n,y,n,y,y,y,democrat,
6,n,y,n,y,y,y,n,n,n,n,n,n,y,y,n,y,republican,
7,n,y,n,y,y,y,n,n,n,n,n,n,y,y,n,y,republican,
8,y,y,y,n,n,n,y,y,y,n,y,n,n,n,n,n,democrat,
9,n,y,n,y,y,n,n,n,n,n,n,n,y,y,n,n,republican,
10,n,y,n,y,y,y,n,n,n,n,y,n,y,y,n,n,republican,
11,n,y,y,n,n,n,y,y,y,n,n,y,y,n,n,n,democrat,
12,y,y,y,n,n,y,y,y,n,y,y,n,n,n,y,n,democrat,
13,n,y,n,y,y,y,n,n,n,n,n,n,n,n,n,n,republican,
14,n,y,n,y,y,y,n,n,n,y,n,n,y,n,n,n,republican,
15,y,n,y,n,n,y,n,y,n,y,n,y,n,n,n,y,democrat,
16,y,n,y,n,n,n,y,y,y,n,n,n,y,n,y,y,democrat,
17,n,y,n,y,y,y,n,n,n,n,n,n,y,y,n,n,republican,
18,y,y,y,n,n,n,y,y,y,n,n,y,n,n,y,y,democrat,
19,y,y,y,n,n,n,y,y,n,n,n,y,n,n,y,y,democrat,
20,y,y,y,n,n,n,y,y,y,n,n,y,n,n,y,y,democrat,
21,y,n,y,n,n,n,y,y,y,n,n,n,n,n,y,y,democrat,
22,y,y,y,n,n,n,y,y,y,n,n,n,n,n,y,y,democrat,
23,y,n,y,n,n,n,y,y,y,n,n,n,n,n,y,n,democrat,
24,y,n,y,n,n,n,y,y,y,y,n,y,n,n,y,y,democrat,
25,y,n,y,n,n,n,y,y,y,n,n,n,n,n,y,y,democrat,
26,y,y,y,n,n,n,y,y,y,n,y,n,n,n,y,y,democrat,
27,y,n,n,y,y,n,y,y,y,n,n,y,y,y,n,y,republican,
28,y,y,y,n,n,n,y,y,y,n,n,y,n,n,y,y,democrat,
29,n,y,n,y,y,y,n,n,n,n,y,n,y,y,n,n,republican,
30,y,y,y,n,n,n,y,y,y,n,y,n,n,n,y,n,democrat,
31,y,y,y,n,n,n,y,y,y,y,y,y,y,n,y,y,democrat,
32,n,y,n,y,y,y,n,n,n,n,y,n,y,y,n,y,republican,
33,y,y,y,n,n,n,y,y,y,n,n,n,n,n,y,y,democrat,
34,n,y,n,y,y,y,n,n,n,n,n,n,y,y,n,n,republican,
35,y,n,n,y,y,y,n,n,n,y,n,n,n,y,n,y,republican,
36,y,y,n,y,y,y,n,n,n,n,n,n,y,y,n,y,republican,
37,n,y,n,y,y,y,n,n,n,y,n,n,y,y,n,n,republican,
38,y,n,y,n,n,n,y,y,y,y,y,y,y,n,y,y,democrat,
39,y,y,y,n,n,n,y,y,y,n,n,n,n,n,n,n,democrat,
40,y,y,y,n,n,n,y,y,y,n,n,y,n,n,y,n,democrat,
41,y,n,y,n,n,n,y,y,y,n,n,n,n,n,n,y,democrat,
42,y,n,y,n,n,n,y,y,y,n,n,y,n,n,y,y,democrat,
43,y,y,y,n,n,n,y,y,y,n,n,n,n,n,n,n,democrat,
44,y,y,y,n,n,n,y,y,n,n,y,n,n,n,y,n,democrat,
45,y,y,y,n,n,n,y,y,y,n,n,y,n,n,n,y,democrat,
46,y,n,y,n,n,n,y,y,n,n,n,n,n,n,n,n,democrat,
47,y,y,y,n,n,n,y,y,n,n,n,y,n,y,n,y,democrat,
48,n,n,n,y,y,y,n,n,n,n,y,n,y,y,n,n,republican,
49,y,y,y,n,n,n,y,y,y,n,y,n,n,n,y,y,democrat,
50,n,y,n,y,y,y,n,n,n,n,y,n,y,y,n,y,republican,
51,y,y,y,n,n,n,y,y,y,n,n,n,n,n,n,n,democrat,
52,y,y,n,y,y,y,n,n,n,y,n,n,y,y,n,n,republican,
53,y,y,y,n,n,y,n,y,n,n,y,n,n,y,n,n,democrat,
54,n,y,n,y,y,y,n,n,n,y,n,y,y,y,n,n,republican,
55,n,y,n,y,y,y,n,n,n,y,n,n,y,y,n,y,republican,
56,n,y,n,y,y,y,n,n,n,y,y,n,y,y,n,y,republican,
57,n,y,n,y,y,y,n,n,n,y,n,n,y,y,n,y,republican,
58,n,y,n,y,y,y,n,n,n,y,y,n,y,y,n,n,republican,
59,y,y,y,n,n,n,y,y,y,y,n,y,n,n,y,n,democrat,
60,n,y,n,y,y,y,n,n,n,n,y,y,y,y,n,n,republican,
61,y,y,y,n,n,n,y,y,y,n,y,n,n,n,n,n,democrat,
62,y,y,y,n,n,n,y,y,y,n,y,y,n,n,n,y,democrat,
63,y,y,y,n,n,n,y,y,y,n,y,y,n,n,n,y,democrat,
64,y,y,n,y,y,y,y,n,n,n,y,n,y,y,n,y,republican,
65,n,y,n,y,y,y,y,n,n,n,n,n,y,y,n,y,republican,
66,n,y,n,y,y,y,n,n,n,y,y,n,y,y,n,n,republican,
67,y,n,y,n,n,n,y,y,y,n,y,y,y,n,y,y,democrat,
68,y,y,y,n,n,n,y,y,y,n,n,y,n,n,y,y,democrat,
69,y,n,y,n,n,n,y,y,y,n,n,n,y,n,y,n,democrat,
70,y,y,y,y,n,n,y,y,y,y,y,y,n,y,n,y,republican,
71,y,y,y,n,n,n,y,y,y,n,n,y,n,n,y,n,democrat,
72,y,n,y,y,y,n,y,n,y,y,n,n,y,y,n,y,republican,
73,y,n,y,n,n,y,y,y,y,y,n,n,n,y,y,y,democrat,
74,n,y,y,y,y,y,n,n,n,y,y,y,y,y,n,n,democrat,
75,n,y,y,n,y,y,n,n,n,y,n,y,y,y,n,n,democrat,
76,n,y,y,y,y,y,n,y,y,y,y,n,y,y,n,y,democrat,
77,y,y,y,n,y,y,n,n,n,y,n,n,y,y,n,y,democrat,
78,n,n,n,y,y,n,n,n,n,y,n,n,y,y,n,n,republican,
79,y,n,y,n,n,y,y,y,y,y,y,y,n,y,n,n,democrat,
80,y,n,y,n,n,n,y,y,n,y,y,y,n,y,n,y,democrat,
81,n,n,n,y,y,y,n,n,n,y,n,y,y,y,n,y,republican,
82,n,n,n,y,y,y,n,n,n,n,n,n,y,y,n,n,republican,
83,n,n,n,y,y,y,n,n,n,y,n,n,y,y,n,n,republican,
84,n,n,y,n,y,y,n,n,n,y,n,n,y,y,n,y,democrat,
85,n,n,n,y,y,y,n,n,n,y,y,n,y,y,n,n,republican,
86,n,n,n,y,y,y,n,n,n,n,y,n,y,y,n,n,republican,
87,n,y,y,n,y,y,y,n,y,y,n,y,y,y,n,y,democrat,
88,n,n,n,y,y,y,n,n,n,y,n,n,y,y,n,n,republican,
89,y,n,y,n,n,n,y,y,y,y,y,n,n,n,y,y,democrat,
90,y,n,y,n,n,n,y,y,y,y,n,n,n,n,y,y,democrat,
91,y,y,y,n,n,n,y,y,n,y,n,y,n,n,y,y,democrat,
92,y,n,y,n,n,n,y,n,y,y,n,n,n,n,y,y,democrat,
93,y,n,y,n,y,y,n,n,n,n,n,n,n,n,n,y,democrat,
94,y,n,y,n,y,y,n,n,n,n,y,n,n,n,y,y,democrat,
95,n,n,n,n,y,y,n,n,n,n,n,y,y,y,n,y,democrat,
96,y,n,n,n,y,y,y,n,n,y,n,n,n,y,n,y,democrat,
97,y,y,y,n,n,y,y,y,y,y,n,n,n,n,n,y,democrat,
98,n,n,n,y,y,y,n,n,n,y,n,n,y,y,n,n,republican,
99,y,n,n,n,y,y,n,n,n,n,y,y,n,y,n,y,democrat,
100,y,n,y,n,y,y,y,n,n,n,y,y,n,y,n,y,democrat,
101,y,n,y,n,y,y,y,n,n,n,n,y,y,y,y,n,democrat,
102,y,n,n,n,y,y,n,n,n,n,n,n,n,y,n,n,democrat,
103,n,n,n,n,n,y,y,y,y,y,n,y,y,y,n,n,democrat,
104,y,y,y,n,n,n,n,y,y,n,n,y,n,n,y,y,democrat,
105,n,y,n,y,y,y,n,n,n,n,n,y,y,y,n,y,republican,
106,n,n,n,n,n,n,n,n,n,n,n,y,n,y,n,n,republican,
107,y,n,y,n,n,n,y,y,y,n,n,n,n,n,y,n,democrat,
108,y,n,y,n,n,n,y,y,y,n,y,y,n,n,y,n,democrat,
109,n,n,y,n,n,n,y,y,y,y,n,n,n,n,y,y,democrat,
110,n,n,n,y,y,y,n,n,n,y,n,n,y,y,n,y,republican,
111,n,n,y,n,n,y,y,y,n,y,y,n,n,n,y,n,democrat,
112,n,n,n,y,y,y,n,n,n,y,n,y,y,y,n,n,republican,
113,y,n,y,n,n,n,y,y,y,n,n,n,n,n,y,n,democrat,
114,n,n,y,n,n,n,y,y,y,y,y,y,n,n,y,y,democrat,
115,y,n,y,n,n,n,y,y,y,n,n,n,n,n,y,y,democrat,
116,y,y,y,y,y,n,y,n,n,n,n,n,y,y,n,y,republican,
117,n,y,y,n,n,n,n,y,y,y,n,y,n,n,y,y,democrat,
118,n,n,n,y,y,y,n,n,n,n,n,y,y,y,n,n,republican,
119,n,n,n,y,y,y,n,n,n,y,n,n,y,y,n,y,republican,
120,n,n,n,y,y,y,n,n,n,y,n,y,y,y,n,y,republican,
121,n,n,n,y,y,y,n,n,n,y,n,y,n,y,n,y,republican,
122,y,n,n,y,y,y,n,y,n,n,n,y,y,y,n,y,republican,
123,n,n,y,n,n,n,y,y,y,n,n,n,n,n,y,y,democrat,
124,n,n,n,y,y,y,n,n,n,y,n,n,y,y,n,y,republican,
125,n,n,n,y,y,y,n,n,n,n,y,n,y,y,n,n,republican,
126,n,n,y,n,n,n,y,y,y,y,n,n,n,y,y,y,democrat,
127,n,n,y,n,n,y,n,y,n,y,y,n,n,n,y,y,democrat,
128,n,n,y,n,n,n,y,y,n,n,y,y,n,n,n,n,democrat,
129,y,n,y,n,n,n,y,y,y,n,n,n,n,n,y,n,democrat,
130,n,n,y,n,n,y,n,y,y,y,n,y,n,y,n,y,democrat,
131,n,n,n,y,y,y,n,n,n,y,y,n,y,y,n,n,republican,
132,n,n,n,y,y,y,n,n,n,y,y,n,y,y,n,y,republican,
133,n,n,n,y,y,y,n,n,n,n,n,n,y,y,n,n,republican,
134,n,n,n,y,y,y,n,n,n,y,y,y,y,y,n,n,republican,
135,n,y,n,y,y,y,n,n,n,y,y,y,y,n,n,y,republican,
136,n,n,y,n,n,y,y,y,y,y,n,y,n,y,y,y,democrat,
137,n,n,y,n,n,y,y,y,y,y,n,n,n,y,n,y,democrat,
138,y,n,y,n,n,y,y,y,y,n,y,n,n,n,y,y,democrat,
139,n,n,n,y,n,n,y,y,y,y,y,y,y,y,n,y,republican,
140,n,n,n,y,y,y,y,y,y,y,n,n,y,y,n,y,republican,
141,n,n,n,y,y,y,y,y,y,y,y,y,y,y,n,y,republican,
142,n,y,n,n,n,n,y,y,y,y,n,y,n,y,y,y,democrat,
143,n,n,n,n,n,y,y,y,y,y,n,n,n,y,n,n,democrat,
144,n,n,y,n,n,y,y,y,y,y,y,n,n,y,n,y,democrat,
145,n,y,n,y,y,y,n,n,n,n,y,y,y,y,n,y,republican,
146,n,n,n,n,n,n,y,y,y,y,y,n,y,y,y,y,democrat,
147,n,y,n,y,y,y,n,n,n,y,n,n,y,y,n,y,republican,
148,n,n,y,n,n,n,y,y,y,y,n,n,y,n,y,y,democrat,
149,y,y,n,y,y,y,n,n,n,y,n,n,y,y,n,y,republican,
150,y,y,n,y,y,y,n,n,y,n,y,y,y,y,n,n,democrat,
151,n,y,y,n,n,y,n,y,y,y,n,y,y,n,y,y,democrat,
152,n,n,y,n,n,y,y,y,y,y,n,n,y,y,n,y,democrat,
153,n,y,n,y,y,y,n,n,n,n,y,y,y,y,n,n,republican,
154,y,y,n,y,y,y,n,n,n,n,n,n,y,y,n,n,republican,
155,y,y,n,y,y,y,y,n,n,n,n,n,y,y,n,n,republican,
156,n,y,y,n,n,y,n,y,y,n,n,n,n,n,n,n,democrat,
157,n,y,n,y,y,y,n,n,n,y,y,y,y,y,n,n,republican,
158,n,y,y,n,n,y,y,y,y,y,n,y,n,n,n,n,democrat,
159,n,y,n,n,y,y,n,n,n,n,y,y,y,y,y,y,democrat,
160,n,n,n,n,y,y,y,n,n,n,n,y,y,y,n,y,democrat,
161,n,y,y,n,y,y,y,n,n,n,n,y,y,y,n,y,democrat,
162,n,y,n,y,y,y,y,n,n,n,n,n,y,y,n,y,republican,
163,y,y,n,n,y,y,n,n,n,y,y,y,y,y,n,n,democrat,
164,n,y,y,n,n,y,y,y,y,y,n,n,y,n,y,n,democrat,
165,y,n,y,y,y,y,y,y,n,y,n,n,n,y,y,y,republican,
166,y,n,y,y,y,y,y,y,n,y,n,n,n,y,y,y,republican,
167,n,n,y,y,y,y,n,n,y,n,n,y,y,y,y,n,democrat,
168,y,n,y,n,n,n,y,y,y,y,n,n,n,y,n,y,democrat,
169,y,n,y,n,n,n,n,y,y,n,y,y,n,n,y,n,democrat,
170,n,n,n,y,y,y,n,n,n,y,n,n,y,y,n,y,republican,
171,n,y,y,n,n,n,y,y,y,y,n,n,n,n,y,y,democrat,
172,n,n,n,n,y,y,n,n,n,y,n,n,y,y,n,y,democrat,
173,y,n,y,n,n,n,y,y,y,n,n,y,n,n,y,n,democrat,
174,n,y,y,n,n,n,y,y,y,y,n,y,n,n,y,y,democrat,
175,n,n,y,y,n,n,y,y,y,y,n,y,n,y,y,y,republican,
176,n,n,y,n,n,n,y,y,y,y,n,y,n,n,y,y,democrat,
177,n,n,y,n,n,n,y,y,y,y,n,n,n,n,y,n,democrat,
178,y,n,y,n,n,n,y,y,y,y,n,y,n,n,y,y,democrat,
179,n,n,y,n,n,n,y,y,y,n,y,y,n,n,n,n,democrat,
180,n,n,y,n,n,n,y,y,y,y,y,y,n,n,y,y,democrat,
181,y,n,y,n,n,n,y,y,y,n,n,n,n,n,y,y,democrat,
182,n,n,n,n,n,n,n,n,y,n,n,n,n,n,n,n,democrat,
183,n,n,y,n,n,n,y,y,y,y,y,n,n,n,y,y,democrat,
184,y,n,y,n,n,n,y,y,y,y,n,y,n,n,y,y,democrat,
185,n,y,y,n,n,n,y,y,y,y,n,y,n,n,y,y,democrat,
186,y,n,y,n,n,n,y,y,y,n,n,n,n,n,y,n,democrat,
187,y,n,n,y,y,y,y,y,n,n,n,y,n,y,n,n,republican,
188,y,n,y,n,n,n,y,y,y,n,n,y,n,n,y,y,democrat,
189,n,n,n,y,y,y,n,n,n,n,y,n,y,y,n,n,republican,
190,n,y,n,y,y,y,n,n,n,y,n,n,y,y,n,n,republican,
191,n,n,n,n,n,y,y,y,y,n,y,n,n,y,y,y,democrat,
192,n,n,y,n,n,n,y,y,y,n,y,n,n,n,y,y,democrat,
193,n,n,y,n,n,y,y,n,y,y,y,n,n,n,y,y,democrat,
194,n,n,n,y,y,y,n,n,n,n,y,n,y,y,n,n,republican,
195,n,n,y,n,n,y,y,y,y,n,y,n,n,y,y,n,democrat,
196,n,n,y,y,y,y,n,n,n,y,n,n,n,y,n,y,republican,
197,n,n,y,n,n,n,y,y,y,y,n,y,n,n,y,n,democrat,
198,y,y,n,n,n,n,y,y,n,n,n,y,n,n,y,n,democrat,
199,n,n,y,n,n,n,y,y,y,n,n,y,n,y,y,y,democrat,
200,y,y,y,n,n,n,y,y,y,n,n,n,n,n,y,y,democrat,
201,y,n,y,n,n,y,y,y,y,y,n,n,n,n,y,y,democrat,
202,y,n,y,n,n,n,y,y,y,y,n,n,n,n,y,y,democrat,
203,n,n,y,y,y,y,y,n,n,n,y,y,y,y,n,y,republican,
204,n,n,y,n,n,y,y,y,y,y,n,y,n,n,n,y,democrat,
205,n,n,n,y,y,y,n,n,n,y,n,n,n,y,n,y,republican,
206,y,n,n,y,y,y,y,n,n,y,n,n,y,y,n,y,republican,
207,n,n,y,n,n,n,y,y,y,n,n,y,n,n,y,y,democrat,
208,y,y,y,n,n,n,y,y,y,y,n,n,n,n,n,y,democrat,
209,n,n,y,n,n,y,y,y,y,n,n,n,n,n,y,y,democrat,
210,n,y,n,y,y,y,n,n,n,y,y,y,y,y,n,y,republican,
211,n,n,y,n,n,n,y,y,y,n,n,n,n,n,y,y,democrat,
212,n,y,y,n,n,y,n,y,y,n,n,y,y,n,y,y,democrat,
213,y,y,n,y,y,y,n,n,n,y,n,n,y,y,n,y,republican,
214,n,y,y,y,y,y,n,n,n,y,n,y,y,y,y,n,democrat,
215,y,y,y,n,y,y,n,n,n,y,y,y,n,y,y,n,democrat,
216,n,y,n,y,y,y,n,n,n,y,n,y,y,y,n,n,republican,
217,y,n,y,n,n,n,y,y,y,n,y,n,n,n,y,n,democrat,
218,n,y,y,n,n,n,n,y,y,n,n,n,n,y,y,y,democrat,
219,n,n,y,n,n,n,y,y,y,n,n,y,n,n,y,n,democrat,
220,n,y,y,n,y,y,n,n,n,n,y,n,n,n,y,n,democrat,
221,y,n,y,n,n,n,y,y,y,n,n,y,n,n,y,n,democrat,
222,n,n,n,y,y,n,n,n,n,n,n,y,y,y,n,y,republican,
223,n,y,n,y,y,y,n,n,n,y,n,n,y,y,n,n,republican,
224,n,n,n,y,y,y,n,n,n,n,n,y,y,y,n,y,republican,
225,n,n,y,n,n,y,y,y,y,n,n,n,n,y,y,y,democrat,
226,y,n,y,n,n,n,y,y,y,n,n,y,n,n,n,y,democrat,
227,n,y,n,y,y,y,n,n,n,n,y,n,y,n,n,y,republican,
228,n,y,y,y,y,y,y,n,y,y,y,y,y,y,n,y,republican,
229,n,y,n,y,y,y,n,n,n,n,y,n,y,y,n,y,republican,
230,n,y,n,y,y,y,n,n,y,y,n,y,y,y,n,y,republican,
231,n,y,y,n,n,n,y,y,n,n,y,n,n,n,y,n,democrat,
232,n,y,n,y,y,y,n,n,n,y,y,y,y,y,n,y,republican,
233,n,n,y,n,n,y,y,y,y,y,n,n,n,y,y,n,democrat,
234,n,n,n,y,y,y,n,n,n,y,n,n,n,y,n,y,republican,
235,n,n,y,n,n,n,y,y,y,n,n,n,n,n,y,y,democrat,
236,y,n,y,n,n,y,y,y,n,n,n,n,y,n,n,y,democrat,
237,y,y,y,n,n,n,y,y,n,y,n,n,n,n,y,n,democrat,
238,n,n,n,y,y,y,y,n,n,y,y,y,n,y,y,y,republican,
239,n,n,n,y,n,y,y,n,y,n,n,y,y,y,n,y,republican,
240,y,n,y,n,n,n,y,y,y,y,n,y,n,y,y,y,democrat,
241,n,n,n,n,y,y,y,n,n,n,y,n,n,y,y,y,republican,
242,n,y,y,n,n,n,y,y,n,y,n,y,y,n,y,y,democrat,
243,y,n,y,n,n,n,n,y,y,y,y,n,n,n,y,y,democrat,
244,y,n,y,n,n,n,y,y,y,y,y,y,n,n,y,y,democrat,
245,n,n,y,n,y,n,y,y,y,n,y,n,n,y,n,y,democrat,
246,n,y,n,y,y,y,n,n,n,n,n,n,y,y,n,n,republican,
247,n,n,n,n,n,n,n,n,n,n,y,y,n,n,n,n,republican,
248,y,n,y,n,n,n,y,y,n,n,y,y,n,n,y,y,democrat,
249,n,y,n,y,y,y,n,n,n,n,n,n,y,y,n,n,republican,
250,n,y,n,y,y,y,n,n,n,n,n,y,y,y,n,n,republican,
251,y,y,y,n,n,y,y,y,y,n,y,n,n,n,y,y,democrat,
252,n,y,n,y,y,y,n,n,n,n,n,y,y,y,n,y,republican,
253,y,n,y,n,n,n,y,y,y,y,n,n,n,n,n,y,democrat,
254,y,n,y,n,n,n,y,y,y,y,n,n,n,y,y,y,democrat,
255,n,n,n,y,y,n,n,n,n,n,y,n,n,y,n,n,republican,
256,n,n,n,y,y,n,n,n,n,n,y,n,n,y,n,y,republican,
257,n,n,y,n,n,n,y,y,y,n,y,n,n,n,y,y,democrat,
258,y,n,y,n,n,n,y,y,y,n,y,n,n,n,n,y,democrat,
259,y,n,y,n,n,n,y,y,y,y,n,n,n,n,n,y,democrat,
260,y,n,y,n,n,n,y,y,y,n,n,n,n,n,n,n,democrat,
261,y,n,y,n,n,n,y,y,y,y,y,n,n,n,y,y,democrat,
262,y,n,y,n,n,n,y,y,y,n,n,n,n,n,y,n,democrat,
263,y,n,y,n,n,n,y,y,y,n,y,n,n,n,y,n,democrat,
264,y,n,y,n,n,n,y,y,y,y,y,n,n,n,n,y,democrat,
265,n,n,n,y,y,y,n,n,n,y,n,y,n,y,n,y,republican,
266,y,n,n,n,n,n,y,y,y,y,y,n,n,y,n,y,republican,
267,y,n,y,n,n,n,y,y,y,n,y,y,n,n,y,n,democrat,
268,y,n,y,n,n,n,y,y,y,n,y,n,n,n,n,y,democrat,
269,y,y,y,n,n,n,y,y,y,n,n,y,n,n,y,y,democrat,
270,n,y,y,n,n,y,y,y,y,n,n,n,n,n,n,y,democrat,
271,y,n,y,n,n,n,y,y,y,y,n,n,n,n,y,n,democrat,
272,n,n,n,y,y,n,y,y,n,y,y,n,y,y,n,y,republican,
273,y,n,n,y,y,n,y,n,n,y,n,n,n,y,y,y,republican,
274,n,n,y,n,y,y,n,n,n,n,n,n,y,y,n,n,democrat,
275,n,n,n,y,y,y,n,n,n,n,n,n,y,y,y,n,republican,
276,n,n,y,y,y,y,y,y,n,y,y,n,n,y,n,y,republican,
277,n,n,n,y,y,y,n,n,n,n,n,y,y,y,n,y,republican,
278,n,n,n,y,y,y,n,n,n,y,y,n,y,y,n,n,republican,
279,n,n,y,n,n,n,y,y,y,y,n,y,n,y,n,y,democrat,
280,y,n,y,y,y,y,y,y,n,n,y,n,n,y,n,n,republican,
281,y,n,n,y,y,y,n,n,n,y,n,y,y,y,n,n,republican,
282,n,n,n,y,y,y,n,n,n,n,n,y,y,y,n,y,republican,
283,n,n,y,n,n,y,y,y,y,y,y,y,n,n,n,y,democrat,
284,n,n,y,n,n,y,y,y,y,y,n,y,n,n,y,y,democrat,
285,n,n,y,n,n,y,n,y,n,y,n,n,n,y,y,n,democrat,
286,y,y,y,n,n,y,y,y,y,n,n,y,y,n,n,y,democrat,
287,y,y,y,n,y,y,n,y,n,y,n,n,y,y,y,y,democrat,
288,y,y,y,n,y,y,n,y,n,y,y,y,y,y,n,n,democrat,
289,y,n,y,n,n,y,n,y,y,y,n,n,y,y,n,y,democrat,
290,y,n,y,n,n,y,y,y,y,y,n,y,n,y,n,y,democrat,
291,y,n,y,n,n,y,y,y,n,y,n,y,y,y,y,y,democrat,
292,y,y,y,n,n,y,y,y,y,y,n,y,y,y,y,y,democrat,
293,n,y,y,n,n,y,y,y,n,y,n,y,y,y,n,n,democrat,
294,n,y,n,y,y,y,n,n,n,y,y,y,n,n,n,n,republican,
295,n,n,y,y,y,y,n,n,n,y,n,n,y,y,y,y,republican,
296,y,y,y,n,n,y,y,y,y,y,y,n,n,n,y,n,democrat,
297,n,y,n,n,n,n,y,y,y,y,n,y,n,n,y,y,democrat,
298,n,y,y,n,n,y,y,y,y,y,n,y,y,y,y,y,democrat,
299,n,n,n,y,y,n,y,y,y,y,y,n,y,y,n,y,republican,
300,n,n,n,n,n,y,y,y,y,n,n,y,n,n,y,y,democrat,
301,n,n,n,y,y,y,y,n,n,y,y,n,y,y,n,y,republican,
302,n,n,n,y,y,y,n,n,n,n,n,y,y,y,n,n,republican,
303,n,y,n,y,y,y,n,n,n,y,n,y,y,y,n,n,republican,
304,n,n,n,y,y,y,n,n,n,y,y,n,y,y,n,n,republican,
305,n,n,n,y,y,y,n,n,n,n,y,y,y,y,n,n,republican,
306,y,n,y,n,n,y,y,y,y,n,y,n,n,y,n,n,democrat,
307,n,n,n,y,y,y,n,n,n,y,n,n,y,y,n,n,republican,
308,y,n,n,n,n,y,y,y,y,y,n,n,n,y,y,y,democrat,
309,n,n,n,y,y,y,n,n,n,y,n,n,y,y,y,n,republican,
310,n,n,y,n,n,y,y,y,y,y,n,y,y,n,n,y,democrat,
311,y,y,y,n,n,n,y,y,y,y,n,n,n,n,y,y,democrat,
312,n,y,y,y,y,y,n,n,n,y,y,y,y,y,n,y,republican,
313,n,y,n,y,y,y,y,y,n,n,n,n,y,y,y,y,republican,
314,n,y,y,y,y,y,y,n,n,n,n,n,n,n,y,n,republican,
315,n,n,n,n,n,y,n,y,y,n,y,n,y,y,y,n,democrat,
316,y,n,n,n,n,n,y,y,y,y,n,n,n,n,y,y,democrat,
317,n,n,y,n,n,n,y,y,y,n,n,n,n,n,y,n,democrat,
318,y,n,y,n,n,n,y,y,y,n,y,n,n,n,y,n,democrat,
319,n,y,y,n,n,y,n,y,y,y,y,n,y,y,n,y,democrat,
320,y,y,y,n,n,n,y,y,y,y,n,n,y,n,n,y,democrat,
321,y,y,y,n,n,y,n,n,n,n,n,n,y,y,n,n,democrat,
322,y,y,y,n,y,y,n,y,n,y,n,n,y,y,n,n,democrat,
323,n,y,n,y,y,y,n,n,n,n,n,n,y,y,n,n,republican,
324,n,y,n,n,y,y,n,n,n,n,n,n,y,y,n,y,democrat,
325,y,y,n,y,n,n,y,y,y,n,n,n,n,y,n,y,democrat,
326,n,y,n,y,y,y,n,n,n,n,n,y,y,y,n,y,republican,
327,y,y,y,n,n,n,y,y,y,n,n,n,n,n,n,y,democrat,
328,y,n,y,n,n,y,y,y,y,y,n,n,n,n,y,n,democrat,
329,n,y,n,y,y,y,n,n,n,y,n,n,y,y,n,n,republican,
330,y,n,y,n,n,n,y,y,y,n,y,n,n,n,y,n,democrat,
331,y,n,y,n,n,n,y,y,y,n,n,n,n,n,y,n,democrat,
332,n,n,y,n,n,n,y,y,y,n,n,n,n,n,y,y,democrat,
333,n,y,y,n,n,y,y,y,n,n,y,y,n,n,y,y,democrat,
334,n,n,n,y,y,y,n,n,n,y,n,n,y,y,n,n,republican,
335,n,n,y,n,n,y,y,y,n,n,n,n,n,y,n,y,democrat,
336,y,n,y,n,n,n,y,y,y,n,y,y,n,n,y,y,democrat,
337,y,n,y,n,n,n,y,y,y,y,n,n,n,y,y,y,democrat,
338,y,n,n,y,y,y,n,n,n,n,n,y,y,y,n,n,republican,
339,n,n,n,y,y,y,n,n,n,y,n,n,n,y,n,y,republican,
340,n,n,y,n,n,y,y,y,y,y,n,y,n,n,y,y,democrat,
341,n,y,y,n,y,n,y,n,n,y,n,y,y,n,y,y,democrat,
342,n,n,n,y,y,n,y,n,y,y,n,n,n,y,n,y,republican,
343,n,n,y,n,n,n,y,y,y,y,y,y,n,n,y,y,democrat,
344,n,n,n,y,y,y,y,n,n,y,n,n,n,y,y,y,republican,
345,n,n,n,y,y,y,n,n,n,y,n,y,y,y,n,y,republican,
346,y,n,n,y,y,y,n,n,n,y,n,n,y,y,n,n,republican,
347,y,n,y,n,n,n,y,y,y,y,y,y,n,n,y,n,democrat,
348,n,y,y,y,y,y,y,y,y,n,n,n,y,y,n,y,republican,
349,n,y,n,n,n,y,y,n,y,n,n,n,n,n,y,y,democrat,
350,n,n,y,y,y,y,y,y,y,y,n,n,y,y,y,y,republican,
351,n,y,n,y,n,y,y,y,y,n,y,n,y,n,y,n,democrat,
352,n,n,y,y,y,y,y,n,n,y,y,n,y,y,n,y,republican,
353,n,y,y,n,n,y,y,y,y,y,n,y,n,n,y,y,democrat,
354,y,n,y,y,n,n,n,y,y,y,n,n,n,y,y,y,republican,
355,n,n,n,y,y,y,n,n,n,n,n,y,y,y,n,n,republican,
356,n,n,n,y,y,y,n,n,n,n,y,n,y,y,n,n,republican,
357,y,y,y,n,n,y,y,y,y,y,n,n,y,y,n,n,democrat,
358,n,n,n,y,y,y,n,n,n,y,n,y,y,y,n,y,republican,
359,y,n,y,n,n,y,y,y,y,y,n,n,y,n,n,y,democrat,
360,y,n,y,n,y,y,y,n,y,y,n,y,y,y,n,n,democrat,
361,y,y,y,n,n,y,y,y,y,y,n,n,y,n,n,y,democrat,
362,y,y,n,y,y,y,n,n,n,y,n,y,y,n,n,n,republican,
363,y,y,n,y,y,y,n,n,n,n,n,n,y,y,n,y,republican,
364,n,y,n,n,y,y,n,n,n,y,n,n,y,y,n,n,democrat,
365,y,n,y,n,n,n,y,y,n,y,y,y,n,n,n,n,democrat,
366,y,y,y,n,y,y,y,y,n,y,n,n,n,n,y,n,democrat,
367,n,y,y,n,n,y,y,y,n,y,n,n,n,n,y,y,democrat,
368,n,y,n,y,y,y,n,n,n,n,n,n,y,y,n,y,republican,
369,y,y,y,n,n,y,y,y,n,y,y,n,n,n,y,y,democrat,
370,y,y,y,n,n,n,y,y,y,y,n,n,n,n,y,n,democrat,
371,n,y,y,y,y,y,n,n,n,n,n,y,n,y,n,n,democrat,
372,n,y,y,n,y,y,n,y,n,y,y,n,y,y,n,y,democrat,
373,n,y,n,y,y,y,n,n,n,n,n,n,y,y,n,y,republican,
374,n,y,n,y,y,y,n,n,n,n,n,n,n,y,n,n,democrat,
375,y,n,y,n,n,n,y,y,y,n,y,y,n,n,y,y,democrat,
376,n,y,n,y,y,y,n,n,n,n,n,y,y,n,n,n,republican,
377,n,n,n,y,y,y,n,n,n,n,n,n,y,y,n,y,republican,
378,n,n,n,y,y,y,n,n,n,n,n,n,y,y,n,y,republican,
379,y,y,y,n,n,y,n,y,y,n,y,n,y,n,y,y,democrat,
380,y,y,y,n,y,y,y,y,y,y,n,y,y,y,n,n,democrat,
381,y,y,n,y,y,y,n,n,n,n,n,n,y,y,n,n,democrat,
382,y,y,y,n,y,y,n,y,y,y,y,n,n,n,n,y,democrat,
383,y,y,y,y,y,y,n,n,n,n,n,n,y,y,n,y,democrat,
384,y,y,n,n,y,y,n,n,n,n,y,n,y,y,y,n,democrat,
385,n,n,y,n,y,y,n,y,n,n,y,y,n,n,n,n,democrat,
386,y,y,y,n,y,y,n,y,y,n,n,n,n,y,n,n,democrat,
387,n,y,y,y,y,y,n,n,n,n,n,y,y,y,n,n,democrat,
388,y,n,y,n,n,n,y,y,y,n,y,n,n,n,y,n,democrat,
389,n,n,n,n,n,y,n,n,n,n,y,y,n,y,n,n,democrat,
390,y,y,n,n,n,n,n,y,y,n,n,y,n,n,y,n,democrat,
391,y,y,n,y,y,y,n,n,n,n,n,y,y,y,n,y,republican,republican
392,n,n,n,n,n,y,n,y,y,n,y,y,y,n,n,n,republican,democrat
393,y,y,n,n,n,y,n,n,n,n,y,y,y,n,n,y,democrat,democrat
394,y,y,y,n,n,n,n,y,n,n,n,n,n,n,y,y,democrat,democrat
395,y,y,y,n,y,y,n,y,n,n,y,y,y,n,y,y,democrat,democrat
396,y,y,n,n,y,n,n,n,n,n,n,n,y,y,n,y,democrat,republican
397,n,y,y,n,y,y,n,y,n,n,y,n,n,n,n,y,democrat,democrat
398,n,y,n,y,n,y,n,n,n,y,y,n,y,y,n,n,republican,republican
399,n,y,n,y,y,y,n,n,n,n,y,n,n,y,n,n,republican,republican
400,n,y,n,y,y,y,n,n,n,y,n,n,y,y,n,n,republican,republican
401,n,n,y,y,n,y,y,y,y,y,y,y,n,y,n,y,republican,democrat
402,n,y,n,y,y,y,n,n,n,y,y,n,n,y,n,n,republican,republican
403,y,y,n,y,y,y,n,n,n,y,n,y,y,y,n,y,republican,republican
404,n,n,n,y,y,y,n,n,n,n,n,y,y,y,n,y,republican,republican
405,y,n,y,n,y,y,n,n,y,y,n,y,y,y,n,y,democrat,democrat
406,n,n,n,y,y,y,n,n,n,n,y,n,y,y,n,n,democrat,republican
407,y,n,y,n,n,y,y,y,y,n,y,y,n,y,y,y,democrat,democrat
408,n,n,n,y,y,y,n,n,n,n,n,n,y,y,n,n,republican,republican
409,n,n,n,y,y,y,n,n,n,n,n,n,y,y,n,y,republican,republican
410,y,n,y,n,n,y,y,y,y,y,n,n,n,n,n,y,democrat,democrat
411,n,n,n,y,y,y,n,n,n,y,n,y,y,y,n,y,republican,republican
412,y,y,y,y,y,y,y,y,n,y,n,y,n,y,n,y,republican,democrat
413,y,y,y,n,n,n,y,y,y,n,n,y,n,n,n,y,democrat,democrat
414,n,y,y,n,n,y,y,y,n,y,n,n,n,n,n,y,democrat,democrat
415,y,y,n,y,y,y,n,n,n,y,y,n,y,y,n,y,republican,republican
416,y,y,y,n,n,n,y,y,y,y,y,n,y,n,n,y,democrat,democrat
417,y,y,y,n,n,n,y,y,n,y,n,y,n,n,n,y,democrat,democrat
418,y,y,y,n,n,n,y,y,y,n,y,n,n,n,n,y,democrat,democrat
419,y,y,y,y,y,y,y,y,n,y,y,n,y,y,n,y,republican,republican
420,n,y,y,n,y,y,y,y,n,n,y,n,y,n,y,y,democrat,democrat
421,n,n,y,n,n,y,y,y,y,n,n,n,n,n,y,y,democrat,democrat
422,n,y,y,n,n,y,y,y,y,n,n,n,n,y,y,y,democrat,democrat
423,n,y,y,n,n,n,y,y,y,y,n,n,n,y,y,y,democrat,democrat
424,n,n,y,n,n,n,y,y,n,y,y,n,n,n,y,n,democrat,democrat
425,y,n,y,n,n,n,y,y,y,y,n,n,n,n,y,y,democrat,democrat
426,n,n,n,y,y,y,y,y,n,y,n,y,y,y,n,y,republican,republican
427,n,n,n,n,n,n,y,y,y,y,n,n,y,n,y,y,democrat,democrat
428,y,n,y,n,n,n,y,y,y,y,n,y,n,n,y,y,democrat,democrat
429,n,n,y,y,y,y,n,n,y,y,n,n,y,y,n,y,republican,republican
430,n,n,y,n,n,n,y,y,y,y,y,n,n,n,n,y,democrat,democrat
431,n,n,n,y,y,y,n,n,n,n,n,n,y,y,n,y,republican,republican
432,n,n,n,y,y,y,n,n,n,n,y,n,y,y,n,y,republican,republican
433,n,y,n,y,y,y,n,n,n,y,n,y,y,y,n,n,republican,republican
