,handicapped-infants,water-project-cost-sharing,adoption-of-the-budget-resolution,physician-fee-freeze,el-salvador-aid,religious-groups-in-schools,anti-satellite-test-ban,aid-to-nicaraguan-contras,mx-missile,immigration,synfuels-corporation-cutback,education-spending,superfund-right-to-sue,crime,duty-free-exports,export-administration-act-south-africa,Class,Pred_0,Pred_1,Pred_2,Pred_3,Pred_4,Pred_5,Pred_6,Pred_7,Pred_8,Pred_9
0,0,1,0,1,1,1,0,0,0,0,0,1,1,1,0,0,republican,republican,republican,republican,republican,republican,republican,republican,republican,republican,republican
1,0,1,1,1,1,1,0,0,1,0,1,0,1,1,0,0,democrat,republican,republican,republican,republican,republican,democrat,republican,republican,republican,republican
2,0,1,1,0,0,1,0,0,1,0,1,0,1,0,0,1,democrat,democrat,democrat,democrat,democrat,democrat,democrat,democrat,democrat,democrat,democrat
3,1,1,1,0,1,1,0,0,0,0,1,0,1,1,1,1,democrat,democrat,democrat,democrat,democrat,democrat,democrat,democrat,democrat,democrat,democrat
4,0,1,1,1,1,1,0,0,0,0,0,0,1,1,1,1,democrat,democrat,democrat,democrat,democrat,democrat,democrat,democrat,democrat,democrat,democrat
5,0,1,0,1,1,1,0,0,0,0,0,0,0,1,1,1,democrat,republican,republican,republican,republican,republican,republican,republican,republican,republican,republican
6,0,1,0,0,1,1,0,0,1,0,0,0,1,1,0,1,republican,republican,republican,republican,republican,republican,republican,republican,republican,republican,republican
7,0,1,0,0,1,1,0,0,0,0,0,1,1,1,0,1,republican,republican,republican,republican,republican,republican,republican,republican,republican,republican,republican
8,1,1,1,0,0,0,1,1,1,0,0,0,0,0,0,0,democrat,democrat,democrat,democrat,democrat,democrat,democrat,democrat,democrat,democrat,democrat
9,0,1,0,0,1,0,0,0,1,0,0,0,1,1,0,0,republican,republican,republican,republican,republican,republican,republican,republican,republican,republican,republican
10,0,1,0,0,1,1,0,0,1,0,1,0,1,1,0,0,republican,republican,republican,republican,republican,republican,republican,republican,republican,republican,republican
11,0,1,1,0,0,0,1,1,1,0,0,0,1,0,0,0,democrat,democrat,democrat,democrat,democrat,democrat,democrat,democrat,democrat,democrat,democrat
12,1,1,1,1,0,1,1,1,1,1,1,0,0,0,1,0,democrat,democrat,democrat,democrat,democrat,democrat,democrat,democrat,democrat,democrat,democrat
13,0,1,0,0,1,1,0,0,0,0,0,1,0,0,0,0,republican,republican,republican,republican,republican,republican,republican,republican,republican,republican,republican
14,0,1,0,0,1,1,0,0,1,1,0,1,1,0,0,0,republican,republican,republican,republican,republican,republican,republican,republican,republican,republican,republican
15,1,0,1,0,0,1,0,1,1,1,1,1,0,0,0,1,democrat,democrat,democrat,democrat,democrat,democrat,democrat,democrat,democrat,democrat,democrat
16,1,0,1,0,0,0,1,1,1,0,0,0,1,0,1,1,democrat,democrat,democrat,democrat,democrat,democrat,democrat,democrat,democrat,democrat,democrat
17,0,1,0,0,1,1,0,0,1,0,0,0,1,1,0,0,republican,republican,republican,republican,republican,republican,republican,republican,republican,republican,republican
18,1,1,1,0,0,0,1,1,0,0,1,0,0,0,1,1,democrat,democrat,democrat,democrat,democrat,democrat,democrat,democrat,democrat,democrat,democrat
19,1,1,1,0,0,0,1,1,0,0,1,0,0,0,1,1,democrat,democrat,democrat,democrat,democrat,democrat,democrat,democrat,democrat,democrat,democrat
20,1,1,1,0,0,0,1,1,0,0,0,0,0,0,1,1,democrat,democrat,democrat,democrat,democrat,democrat,democrat,democrat,democrat,democrat,democrat
21,1,0,1,1,0,0,1,1,0,0,0,0,0,0,1,1,democrat,democrat,democrat,democrat,democrat,democrat,democrat,democrat,democrat,democrat,democrat
22,1,1,1,0,0,0,1,1,1,0,0,0,0,0,1,1,democrat,democrat,democrat,democrat,democrat,democrat,democrat,democrat,democrat,democrat,democrat
23,1,0,1,0,0,0,1,1,1,0,0,0,0,0,1,0,democrat,democrat,democrat,democrat,democrat,democrat,democrat,democrat,democrat,democrat,democrat
24,1,0,1,0,0,0,1,1,0,1,0,0,0,0,1,1,democrat,democrat,democrat,democrat,democrat,democrat,democrat,democrat,democrat,democrat,democrat
25,1,0,1,0,0,0,1,1,0,0,1,0,0,0,1,1,democrat,democrat,democrat,democrat,democrat,democrat,democrat,democrat,democrat,democrat,democrat
26,1,1,1,1,0,0,1,1,1,0,1,0,0,0,1,1,democrat,democrat,democrat,democrat,democrat,democrat,democrat,democrat,democrat,democrat,democrat
27,1,0,0,0,1,0,1,1,1,0,0,1,1,1,0,1,republican,republican,republican,republican,republican,republican,republican,republican,republican,republican,republican
28,1,1,1,1,0,0,1,1,0,0,1,0,0,0,1,1,democrat,democrat,democrat,democrat,democrat,democrat,democrat,democrat,democrat,democrat,democrat
29,0,1,0,1,1,1,0,0,0,0,0,1,1,1,0,0,republican,republican,republican,republican,republican,republican,republican,republican,republican,republican,republican
30,1,1,1,0,0,0,1,1,0,0,1,0,0,0,1,0,democrat,democrat,democrat,democrat,democrat,democrat,democrat,democrat,democrat,democrat,democrat
31,1,1,1,1,0,0,1,1,1,1,0,0,1,0,1,1,democrat,democrat,democrat,democrat,democrat,democrat,democrat,democrat,democrat,democrat,democrat
32,0,1,0,1,1,1,0,0,0,0,0,1,1,1,0,1,republican,republican,republican,republican,republican,republican,republican,republican,republican,republican,republican
33,1,1,1,0,0,0,1,1,1,0,0,0,0,0,1,1,democrat,democrat,democrat,democrat,democrat,democrat,democrat,democrat,democrat,democrat,democrat
34,0,1,0,0,1,1,0,0,1,0,0,1,1,1,0,0,republican,republican,republican,republican,republican,republican,republican,republican,republican,republican,republican
35,1,0,0,0,1,1,0,0,1,1,0,1,0,1,0,1,republican,republican,republican,republican,republican,republican,republican,republican,republican,republican,republican
36,1,1,0,0,1,1,0,0,0,0,0,0,1,1,0,1,republican,republican,republican,republican,republican,republican,republican,republican,republican,republican,republican
37,0,1,0,0,1,1,0,0,1,1,0,1,1,1,0,0,republican,republican,republican,republican,republican,republican,republican,republican,republican,republican,republican
38,1,0,1,1,0,0,1,1,0,1,1,0,1,0,1,1,democrat,democrat,democrat,democrat,democrat,democrat,democrat,democrat,democrat,democrat,democrat
39,1,1,1,0,0,0,1,1,1,0,0,0,0,0,0,0,democrat,democrat,democrat,democrat,democrat,democrat,democrat,democrat,democrat,democrat,democrat
40,1,1,1,0,0,0,1,1,0,0,0,0,0,0,1,0,democrat,democrat,democrat,democrat,democrat,democrat,democrat,democrat,democrat,democrat,democrat
41,1,0,1,1,0,0,1,1,1,0,0,0,0,0,0,1,democrat,democrat,democrat,democrat,democrat,democrat,democrat,democrat,democrat,democrat,democrat
42,1,0,1,1,0,0,1,1,0,0,0,0,0,0,1,1,democrat,democrat,democrat,democrat,democrat,democrat,democrat,democrat,democrat,democrat,democrat
43,1,1,1,0,0,0,1,1,0,0,1,0,0,0,0,0,democrat,democrat,democrat,democrat,democrat,democrat,democrat,democrat,democrat,democrat,democrat
44,1,1,1,0,0,0,1,1,1,0,1,0,0,0,1,0,democrat,democrat,democrat,democrat,democrat,democrat,democrat,democrat,democrat,democrat,democrat
45,1,1,1,0,0,0,1,1,0,0,0,0,0,0,0,1,democrat,democrat,democrat,democrat,democrat,democrat,democrat,democrat,democrat,democrat,democrat
46,1,0,1,1,0,0,1,1,1,0,0,0,0,0,0,0,democrat,democrat,democrat,democrat,democrat,democrat,democrat,democrat,democrat,democrat,democrat
47,1,1,1,0,0,0,1,1,1,0,0,0,0,1,0,1,democrat,democrat,democrat,democrat,democrat,democrat,democrat,democrat,democrat,democrat,democrat
48,0,0,0,0,1,1,0,0,0,0,0,1,1,1,0,0,republican,republican,republican,republican,republican,republican,republican,republican,republican,republican,republican
49,1,1,1,1,0,0,1,1,0,0,1,0,0,0,1,1,democrat,democrat,democrat,democrat,democrat,democrat,democrat,democrat,democrat,democrat,democrat
50,0,1,0,1,1,1,0,0,0,0,0,1,1,1,0,1,republican,republican,republican,republican,republican,republican,republican,republican,republican,republican,republican
51,1,1,1,0,0,0,1,1,1,0,0,0,0,0,0,0,democrat,democrat,democrat,democrat,democrat,democrat,democrat,democrat,democrat,democrat,democrat
52,1,1,0,0,1,1,0,0,1,1,0,1,1,1,0,0,republican,republican,republican,republican,republican,republican,republican,republican,republican,republican,republican
53,1,1,1,0,0,1,0,1,0,0,1,1,0,1,0,0,democrat,democrat,democrat,democrat,democrat,democrat,democrat,democrat,democrat,democrat,democrat
54,0,1,0,1,1,1,0,0,1,1,1,1,1,1,0,0,republican,republican,republican,republican,republican,republican,republican,republican,republican,republican,republican
55,0,1,0,1,1,1,0,0,0,1,1,1,1,1,0,1,republican,republican,republican,republican,republican,republican,republican,republican,republican,republican,republican
56,0,1,0,0,1,1,0,0,0,1,0,1,1,1,0,1,republican,republican,republican,republican,republican,republican,republican,republican,republican,republican,republican
57,0,1,0,1,1,1,0,0,1,1,0,1,1,1,0,1,republican,republican,republican,republican,republican,republican,republican,republican,republican,republican,republican
58,0,1,0,0,1,1,0,0,0,1,0,1,1,1,0,0,republican,republican,republican,republican,republican,republican,republican,republican,republican,republican,republican
59,1,1,1,1,0,0,1,1,1,1,0,0,0,0,1,0,democrat,democrat,democrat,democrat,democrat,democrat,democrat,democrat,democrat,democrat,democrat
60,0,1,0,0,1,1,0,0,1,0,0,1,1,1,0,0,republican,republican,republican,republican,republican,republican,republican,republican,republican,republican,republican
61,1,1,1,1,0,0,1,1,0,0,0,0,0,0,0,0,democrat,democrat,democrat,democrat,democrat,democrat,democrat,democrat,democrat,democrat,democrat
62,1,1,1,0,0,0,1,1,1,0,1,0,0,0,0,1,democrat,democrat,democrat,democrat,democrat,democrat,democrat,democrat,democrat,democrat,democrat
63,1,1,1,0,0,0,1,1,0,0,1,0,0,0,0,1,democrat,democrat,democrat,democrat,democrat,democrat,democrat,democrat,democrat,democrat,democrat
64,1,1,0,1,1,1,1,0,1,0,0,1,1,1,0,1,republican,republican,republican,republican,republican,republican,republican,republican,republican,republican,republican
65,0,1,0,0,1,1,1,0,1,0,1,1,1,1,0,1,republican,republican,republican,republican,republican,republican,republican,republican,republican,republican,republican
66,0,1,0,1,1,1,0,0,0,1,0,1,1,1,0,0,republican,republican,republican,republican,republican,republican,republican,republican,republican,republican,republican
67,1,0,1,0,0,0,1,1,0,0,0,0,1,0,1,1,democrat,democrat,democrat,democrat,democrat,democrat,democrat,democrat,democrat,democrat,democrat
68,1,1,1,0,0,0,1,1,1,0,0,0,0,0,1,1,democrat,democrat,democrat,democrat,democrat,democrat,democrat,democrat,democrat,democrat,democrat
69,1,0,1,1,0,0,1,1,0,0,0,0,1,0,1,0,democrat,democrat,democrat,democrat,democrat,democrat,democrat,democrat,democrat,democrat,democrat
70,1,1,1,1,0,0,1,1,0,1,1,0,0,1,0,1,republican,democrat,democrat,democrat,democrat,democrat,democrat,democrat,democrat,democrat,democrat
71,1,1,1,0,0,0,1,1,0,0,1,0,0,0,1,0,democrat,democrat,democrat,democrat,democrat,democrat,democrat,democrat,democrat,democrat,democrat
72,1,0,1,1,1,0,1,0,1,1,0,0,1,1,0,1,republican,democrat,democrat,democrat,democrat,democrat,democrat,democrat,democrat,democrat,democrat
73,1,0,1,1,0,1,1,1,0,1,1,0,0,1,1,1,democrat,democrat,democrat,democrat,democrat,democrat,democrat,democrat,democrat,democrat,democrat
74,0,1,1,1,1,1,0,0,0,1,1,0,1,1,0,0,democrat,republican,republican,republican,republican,republican,republican,republican,republican,republican,republican
75,0,1,1,0,1,1,0,0,1,1,1,1,1,1,0,0,democrat,republican,republican,republican,republican,republican,republican,republican,republican,republican,republican
76,0,1,1,1,1,1,0,1,1,1,1,1,1,1,0,1,democrat,republican,republican,republican,republican,republican,republican,republican,republican,republican,republican
77,1,1,1,1,1,1,0,0,0,1,1,0,1,1,0,1,democrat,democrat,democrat,democrat,democrat,democrat,democrat,democrat,democrat,democrat,democrat
78,0,0,0,1,1,0,0,0,1,1,0,1,1,1,0,0,republican,republican,republican,republican,republican,republican,republican,republican,republican,republican,republican
79,1,0,1,1,0,1,1,1,0,1,0,1,0,1,0,0,democrat,democrat,democrat,democrat,democrat,democrat,democrat,democrat,democrat,democrat,democrat
80,1,0,1,1,0,0,1,1,0,1,1,1,0,1,0,1,democrat,democrat,democrat,democrat,democrat,democrat,democrat,democrat,democrat,democrat,democrat
81,0,0,0,0,1,1,0,0,0,1,0,1,1,1,0,1,republican,republican,republican,republican,republican,republican,republican,republican,republican,republican,republican
82,0,0,0,1,1,1,0,0,1,0,0,1,1,1,0,0,republican,republican,republican,republican,republican,republican,republican,republican,republican,republican,republican
83,0,0,0,1,1,1,0,0,0,1,0,1,1,1,0,0,republican,republican,republican,republican,republican,republican,republican,republican,republican,republican,republican
84,0,0,1,0,1,1,0,0,0,1,1,1,1,1,0,1,democrat,republican,republican,republican,republican,republican,republican,republican,republican,republican,republican
85,0,0,0,1,1,1,0,0,0,1,0,1,1,1,0,0,republican,republican,republican,republican,republican,republican,republican,republican,republican,republican,republican
86,0,0,0,0,1,1,0,0,0,0,0,1,1,1,0,0,republican,republican,republican,republican,republican,republican,republican,republican,republican,republican,republican
87,0,1,1,0,1,1,1,0,0,1,1,0,1,1,0,1,democrat,democrat,democrat,democrat,democrat,democrat,democrat,democrat,democrat,democrat,democrat
88,0,0,0,0,1,1,0,0,0,1,0,0,1,1,0,0,republican,republican,republican,republican,republican,republican,republican,republican,republican,republican,republican
89,1,0,1,0,0,0,1,1,1,1,0,0,0,0,1,1,democrat,democrat,democrat,democrat,democrat,democrat,democrat,democrat,democrat,democrat,democrat
90,1,0,1,0,0,0,1,1,1,1,1,0,0,0,1,1,democrat,democrat,democrat,democrat,democrat,democrat,democrat,democrat,democrat,democrat,democrat
91,1,1,1,0,0,0,1,1,0,1,1,0,0,0,1,1,democrat,democrat,democrat,democrat,democrat,democrat,democrat,democrat,democrat,democrat,democrat
92,1,0,1,0,0,0,1,0,0,1,1,0,0,0,1,1,democrat,democrat,democrat,democrat,democrat,democrat,democrat,democrat,democrat,democrat,democrat
93,1,0,1,1,1,1,0,0,0,0,0,0,0,0,0,1,democrat,democrat,democrat,democrat,democrat,democrat,democrat,democrat,democrat,democrat,democrat
94,1,0,1,1,1,1,0,0,0,0,1,0,0,0,1,1,democrat,democrat,democrat,democrat,democrat,democrat,democrat,democrat,democrat,democrat,democrat
95,0,0,0,0,1,1,0,0,0,0,1,1,1,1,0,1,democrat,republican,republican,republican,republican,republican,republican,republican,republican,republican,republican
96,1,0,0,0,1,1,1,0,1,1,1,0,0,1,0,1,democrat,democrat,democrat,democrat,democrat,democrat,democrat,democrat,democrat,democrat,democrat
97,1,1,1,1,0,1,1,1,1,1,0,0,0,0,0,1,democrat,democrat,democrat,democrat,democrat,democrat,democrat,democrat,democrat,democrat,democrat
98,0,0,0,0,1,1,0,0,0,1,0,1,1,1,0,0,republican,republican,republican,republican,republican,republican,republican,republican,republican,republican,republican
99,1,0,0,1,1,1,0,0,1,0,1,1,0,1,0,1,democrat,republican,republican,republican,republican,republican,republican,republican,republican,republican,republican
100,1,0,1,0,1,1,1,0,0,0,1,0,0,1,0,1,democrat,democrat,democrat,democrat,democrat,democrat,democrat,democrat,democrat,democrat,democrat
101,1,0,1,0,1,1,1,0,0,0,1,0,1,1,1,0,democrat,democrat,democrat,democrat,democrat,democrat,democrat,democrat,democrat,democrat,democrat
102,1,0,0,0,1,1,0,0,1,0,0,0,0,1,0,0,democrat,republican,republican,republican,republican,republican,republican,republican,republican,republican,republican
103,0,0,0,0,0,1,1,1,0,1,0,0,1,1,0,0,democrat,democrat,democrat,democrat,democrat,democrat,democrat,democrat,democrat,democrat,democrat
104,1,1,1,1,0,0,0,1,1,0,1,0,0,0,1,1,democrat,democrat,democrat,democrat,democrat,democrat,democrat,democrat,democrat,democrat,democrat
105,0,1,0,0,1,1,0,0,1,0,0,1,1,1,0,1,republican,republican,republican,republican,republican,republican,republican,republican,republican,republican,republican
106,0,0,0,1,0,0,0,0,1,0,0,0,0,1,0,0,republican,democrat,democrat,democrat,democrat,democrat,democrat,democrat,democrat,democrat,democrat
107,1,0,1,1,0,0,1,1,1,0,0,0,0,0,1,0,democrat,democrat,democrat,democrat,democrat,democrat,democrat,democrat,democrat,democrat,democrat
108,1,0,1,1,0,0,1,1,0,0,0,0,0,0,1,0,democrat,democrat,democrat,democrat,democrat,democrat,democrat,democrat,democrat,democrat,democrat
109,0,0,1,0,0,0,1,1,0,1,0,0,0,0,1,1,democrat,democrat,democrat,democrat,democrat,democrat,democrat,democrat,democrat,democrat,democrat
110,0,0,0,0,1,1,0,0,1,1,0,1,1,1,0,1,republican,republican,republican,republican,republican,republican,republican,republican,republican,republican,republican
111,0,0,1,1,0,1,1,1,0,1,0,0,0,0,1,0,democrat,democrat,democrat,democrat,democrat,democrat,democrat,democrat,democrat,democrat,democrat
112,0,0,0,1,1,1,0,0,0,1,0,1,1,1,0,0,republican,republican,republican,republican,republican,republican,republican,republican,republican,republican,republican
113,1,0,1,1,0,0,1,1,0,0,0,0,0,0,1,0,democrat,democrat,democrat,democrat,democrat,democrat,democrat,democrat,democrat,democrat,democrat
114,0,0,1,0,0,0,1,1,1,1,0,0,0,0,1,1,democrat,democrat,democrat,democrat,democrat,democrat,democrat,democrat,democrat,democrat,democrat
115,1,0,1,1,0,0,1,1,1,0,1,0,0,0,1,1,democrat,democrat,democrat,democrat,democrat,democrat,democrat,democrat,democrat,democrat,democrat
116,1,1,1,0,1,0,1,0,0,0,0,1,1,1,0,1,republican,republican,republican,republican,republican,republican,republican,republican,republican,republican,republican
117,0,1,1,0,0,0,0,1,1,1,1,0,0,0,1,1,democrat,democrat,democrat,democrat,democrat,democrat,democrat,democrat,democrat,democrat,democrat
118,0,0,0,0,1,1,0,0,0,0,0,1,1,1,0,0,republican,republican,republican,republican,republican,republican,republican,republican,republican,republican,republican
119,0,0,0,0,1,1,0,0,1,1,0,1,1,1,0,1,republican,republican,republican,republican,republican,republican,republican,republican,republican,republican,republican
120,0,0,0,0,1,1,0,0,0,1,0,1,1,1,0,1,republican,republican,republican,republican,republican,republican,republican,republican,republican,republican,republican
121,0,0,0,0,1,1,0,0,0,1,0,1,0,1,0,1,republican,republican,republican,republican,republican,republican,republican,republican,republican,republican,republican
122,1,0,0,0,1,1,0,1,0,0,0,1,1,1,0,1,republican,republican,republican,republican,republican,republican,republican,republican,republican,republican,republican
123,0,0,1,0,0,0,1,1,0,0,0,0,0,0,1,1,democrat,democrat,democrat,democrat,democrat,democrat,democrat,democrat,democrat,democrat,democrat
124,0,0,0,0,1,1,0,0,1,1,0,1,1,1,0,1,republican,republican,republican,republican,republican,republican,republican,republican,republican,republican,republican
125,0,0,0,0,1,1,0,0,1,0,0,1,1,1,0,0,republican,republican,republican,republican,republican,republican,republican,republican,republican,republican,republican
126,0,0,1,0,0,0,1,1,1,1,1,0,0,1,1,1,democrat,democrat,democrat,democrat,democrat,democrat,democrat,democrat,democrat,democrat,democrat
127,0,0,1,1,0,1,0,1,0,1,1,0,0,0,1,1,democrat,democrat,democrat,democrat,democrat,democrat,democrat,democrat,democrat,democrat,democrat
128,0,0,1,0,0,0,1,1,0,0,0,0,0,0,0,0,democrat,democrat,democrat,democrat,democrat,democrat,democrat,democrat,democrat,democrat,democrat
129,1,0,1,0,0,0,1,1,1,0,0,0,0,0,1,0,democrat,democrat,democrat,democrat,democrat,democrat,democrat,democrat,democrat,democrat,democrat
130,0,0,1,0,0,1,0,1,1,1,0,0,0,1,0,1,democrat,democrat,democrat,democrat,democrat,democrat,democrat,democrat,democrat,democrat,democrat
131,0,0,0,1,1,1,0,0,0,1,0,1,1,1,0,0,republican,republican,republican,republican,republican,republican,republican,republican,republican,republican,republican
132,0,0,0,0,1,1,0,0,1,1,0,1,1,1,0,1,republican,republican,republican,republican,republican,republican,republican,republican,republican,republican,republican
133,0,0,0,0,1,1,0,0,0,0,0,1,1,1,0,0,republican,republican,republican,republican,republican,republican,republican,republican,republican,republican,republican
134,0,0,0,1,1,1,0,0,1,1,0,1,1,1,0,0,republican,republican,republican,republican,republican,republican,republican,republican,republican,republican,republican
135,0,1,0,0,1,1,0,0,0,1,1,1,1,0,0,1,republican,republican,republican,republican,republican,republican,republican,republican,republican,republican,republican
136,0,0,1,0,0,1,1,1,0,1,0,0,0,1,1,1,democrat,democrat,democrat,democrat,democrat,democrat,democrat,democrat,democrat,democrat,democrat
137,0,0,1,0,0,1,1,1,0,1,0,0,0,1,0,1,democrat,democrat,democrat,democrat,democrat,democrat,democrat,democrat,democrat,democrat,democrat
138,1,0,1,0,0,1,1,1,1,0,0,0,0,0,1,1,democrat,democrat,democrat,democrat,democrat,democrat,democrat,democrat,democrat,democrat,democrat
139,0,0,0,0,0,0,1,1,0,1,0,0,1,1,0,1,republican,democrat,democrat,democrat,democrat,democrat,democrat,democrat,democrat,democrat,democrat
140,0,0,0,0,1,1,1,1,0,1,0,1,1,1,0,1,republican,republican,republican,republican,republican,republican,republican,republican,republican,republican,republican
141,0,0,0,1,1,1,1,1,1,1,0,1,1,1,0,1,republican,republican,republican,republican,republican,republican,republican,republican,republican,republican,republican
142,0,1,0,1,0,0,1,1,0,1,1,0,0,1,1,1,democrat,democrat,democrat,democrat,democrat,democrat,democrat,democrat,democrat,democrat,democrat
143,0,0,0,0,0,1,1,1,0,1,0,0,0,1,0,0,democrat,democrat,democrat,democrat,democrat,democrat,democrat,democrat,democrat,democrat,democrat
144,0,0,1,0,0,1,1,1,1,1,0,0,0,1,0,1,democrat,democrat,democrat,democrat,democrat,democrat,democrat,democrat,democrat,democrat,democrat
145,0,1,0,0,1,1,0,0,1,0,0,1,1,1,0,1,republican,republican,republican,republican,republican,republican,republican,republican,republican,republican,republican
146,0,0,0,1,0,0,1,1,0,1,0,1,1,1,1,1,democrat,democrat,democrat,democrat,democrat,democrat,democrat,democrat,democrat,democrat,democrat
147,0,1,0,0,1,1,0,0,1,1,1,1,1,1,0,1,republican,republican,republican,republican,republican,republican,republican,republican,republican,republican,republican
148,0,0,1,1,0,0,1,1,1,1,0,0,1,0,1,1,democrat,democrat,democrat,democrat,democrat,democrat,democrat,democrat,democrat,democrat,democrat
149,1,1,0,0,1,1,0,0,1,1,0,1,1,1,0,1,republican,republican,republican,republican,republican,republican,republican,republican,republican,republican,republican
150,1,1,0,0,1,1,0,0,0,0,1,0,1,1,0,0,democrat,republican,republican,republican,republican,republican,republican,republican,republican,republican,republican
151,0,1,1,0,0,1,0,1,0,1,1,0,1,0,1,1,democrat,democrat,democrat,democrat,democrat,democrat,democrat,democrat,democrat,democrat,democrat
152,0,0,1,0,0,1,1,1,0,1,1,0,1,1,0,1,democrat,democrat,democrat,democrat,democrat,democrat,democrat,democrat,democrat,democrat,democrat
153,0,1,0,1,1,1,0,0,1,0,0,1,1,1,0,0,republican,republican,republican,republican,republican,republican,republican,republican,republican,republican,republican
154,1,1,0,0,1,1,0,0,0,0,1,1,1,1,0,0,republican,republican,republican,republican,republican,republican,republican,republican,republican,republican,republican
155,1,1,0,1,1,1,1,0,0,0,0,1,1,1,0,0,republican,republican,republican,republican,republican,republican,republican,republican,republican,republican,republican
156,0,1,1,0,0,1,0,1,0,0,1,0,0,0,0,0,democrat,democrat,democrat,democrat,democrat,democrat,democrat,democrat,democrat,democrat,democrat
157,0,1,0,1,1,1,0,0,1,1,0,1,1,1,0,0,republican,republican,republican,republican,republican,republican,republican,republican,republican,republican,republican
158,0,1,1,0,0,1,1,1,0,1,1,0,0,0,0,0,democrat,democrat,democrat,democrat,democrat,democrat,democrat,democrat,democrat,democrat,democrat
159,0,1,0,1,1,1,0,0,1,0,0,1,1,1,1,1,democrat,republican,republican,republican,republican,republican,republican,republican,republican,republican,republican
160,0,0,0,0,1,1,1,0,0,0,0,1,1,1,0,1,democrat,republican,republican,republican,republican,republican,republican,republican,republican,republican,republican
161,0,1,1,0,1,1,1,0,1,0,1,1,1,1,0,1,democrat,republican,republican,republican,republican,republican,republican,republican,republican,republican,republican
162,0,1,0,1,1,1,1,0,1,0,0,1,1,1,0,1,republican,republican,republican,republican,republican,republican,republican,republican,republican,republican,republican
163,1,1,0,0,1,1,0,0,1,1,1,1,1,1,0,0,democrat,republican,republican,republican,republican,republican,republican,republican,republican,republican,republican
164,0,1,1,1,0,1,1,1,0,1,1,0,1,0,1,0,democrat,democrat,democrat,democrat,democrat,democrat,democrat,democrat,democrat,democrat,democrat
165,1,0,1,0,1,1,1,1,1,1,0,1,0,1,1,1,republican,democrat,democrat,democrat,democrat,democrat,democrat,democrat,democrat,democrat,democrat
166,1,0,1,0,1,1,1,1,0,1,1,1,0,1,1,1,republican,democrat,democrat,democrat,democrat,democrat,democrat,democrat,democrat,democrat,democrat
167,0,0,1,0,1,1,0,0,0,0,0,0,1,1,1,0,democrat,republican,republican,republican,republican,republican,republican,republican,republican,republican,republican
168,1,0,1,1,0,0,1,1,0,1,1,0,0,1,0,1,democrat,democrat,democrat,democrat,democrat,democrat,democrat,democrat,democrat,democrat,democrat
169,1,0,1,1,0,0,0,1,0,0,0,0,0,0,1,0,democrat,democrat,democrat,democrat,democrat,democrat,democrat,democrat,democrat,democrat,democrat
170,0,0,0,0,1,1,0,0,0,1,0,1,1,1,0,1,republican,republican,republican,republican,republican,republican,republican,republican,republican,republican,republican
171,0,1,1,0,0,0,1,1,0,1,0,0,0,0,1,1,democrat,democrat,democrat,democrat,democrat,democrat,democrat,democrat,democrat,democrat,democrat
172,0,0,0,1,1,1,0,0,1,1,1,1,1,1,0,1,democrat,republican,republican,republican,republican,republican,republican,republican,republican,republican,republican
173,1,0,1,0,0,0,1,1,0,0,0,0,0,0,1,0,democrat,democrat,democrat,democrat,democrat,democrat,democrat,democrat,democrat,democrat,democrat
174,0,1,1,0,0,0,1,1,0,1,0,0,0,0,1,1,democrat,democrat,democrat,democrat,democrat,democrat,democrat,democrat,democrat,democrat,democrat
175,0,0,1,1,0,0,1,1,1,1,0,0,0,1,1,1,republican,democrat,democrat,democrat,democrat,democrat,democrat,democrat,democrat,democrat,democrat
176,0,0,1,0,0,0,1,1,1,1,1,0,0,0,1,1,democrat,democrat,democrat,democrat,democrat,democrat,democrat,democrat,democrat,democrat,democrat
177,0,0,1,1,0,0,1,1,1,1,1,0,0,0,1,0,democrat,democrat,democrat,democrat,democrat,democrat,democrat,democrat,democrat,democrat,democrat
178,1,0,1,0,0,0,1,1,1,1,0,0,0,0,1,1,democrat,democrat,democrat,democrat,democrat,democrat,democrat,democrat,democrat,democrat,democrat
179,0,0,1,1,0,0,1,1,1,0,0,0,0,0,0,0,democrat,democrat,democrat,democrat,democrat,democrat,democrat,democrat,democrat,democrat,democrat
180,0,0,1,0,0,0,1,1,0,1,1,0,0,0,1,1,democrat,democrat,democrat,democrat,democrat,democrat,democrat,democrat,democrat,democrat,democrat
181,1,0,1,0,0,0,1,1,1,0,0,0,0,0,1,1,democrat,democrat,democrat,democrat,democrat,democrat,democrat,democrat,democrat,democrat,democrat
182,0,0,0,0,0,0,0,0,0,0,0,0,0,0,0,0,democrat,democrat,democrat,democrat,democrat,democrat,democrat,democrat,democrat,democrat,democrat
183,0,0,1,1,0,0,1,1,0,1,1,0,0,0,1,1,democrat,democrat,democrat,democrat,democrat,democrat,democrat,democrat,democrat,democrat,democrat
184,1,0,1,0,0,0,1,1,0,1,0,0,0,0,1,1,democrat,democrat,democrat,democrat,democrat,democrat,democrat,democrat,democrat,democrat,democrat
185,0,1,1,0,0,0,1,1,0,1,1,0,0,0,1,1,democrat,democrat,democrat,democrat,democrat,democrat,democrat,democrat,democrat,democrat,democrat
186,1,0,1,1,0,0,1,1,0,0,0,0,0,0,1,0,democrat,democrat,democrat,democrat,democrat,democrat,democrat,democrat,democrat,democrat,democrat
187,1,0,0,1,1,1,1,1,1,0,0,1,0,1,0,0,republican,republican,republican,republican,republican,republican,republican,republican,republican,republican,republican
188,1,0,1,1,0,0,1,1,1,0,0,0,0,0,1,1,democrat,democrat,democrat,democrat,democrat,democrat,democrat,democrat,democrat,democrat,democrat
189,0,0,0,0,1,1,0,0,1,0,0,1,1,1,0,0,republican,republican,republican,republican,republican,republican,republican,republican,republican,republican,republican
190,0,1,0,0,1,1,0,0,1,1,0,1,1,1,0,0,republican,republican,republican,republican,republican,republican,republican,republican,republican,republican,republican
191,0,0,0,1,0,1,1,1,1,0,1,0,0,1,1,1,democrat,democrat,democrat,democrat,democrat,democrat,democrat,democrat,democrat,democrat,democrat
192,0,0,1,0,0,0,1,1,1,0,0,0,0,0,1,1,democrat,democrat,democrat,democrat,democrat,democrat,democrat,democrat,democrat,democrat,democrat
193,0,0,1,1,0,1,1,0,1,1,1,0,0,0,1,1,democrat,democrat,democrat,democrat,democrat,democrat,democrat,democrat,democrat,democrat,democrat
194,0,0,0,0,1,1,0,0,0,0,0,1,1,1,0,0,republican,republican,republican,republican,republican,republican,republican,republican,republican,republican,republican
195,0,0,1,1,0,1,1,1,0,0,1,1,0,1,1,0,democrat,democrat,democrat,democrat,democrat,democrat,democrat,democrat,democrat,democrat,democrat
196,0,0,1,0,1,1,0,0,0,1,0,0,0,1,0,1,republican,republican,republican,republican,republican,republican,republican,republican,republican,republican,republican
197,0,0,1,0,0,0,1,1,1,1,1,0,0,0,1,0,democrat,democrat,democrat,democrat,democrat,democrat,democrat,democrat,democrat,democrat,democrat
198,1,1,0,0,0,0,1,1,1,0,1,0,0,0,1,0,democrat,democrat,democrat,democrat,democrat,democrat,democrat,democrat,democrat,democrat,democrat
199,0,0,1,0,0,0,1,1,1,0,0,0,0,1,1,1,democrat,democrat,democrat,democrat,democrat,democrat,democrat,democrat,democrat,democrat,democrat
200,1,1,1,0,0,0,1,1,0,0,0,0,0,0,1,1,democrat,democrat,democrat,democrat,democrat,democrat,democrat,democrat,democrat,democrat,democrat
201,1,0,1,1,0,1,1,1,0,1,1,0,0,0,1,1,democrat,democrat,democrat,democrat,democrat,democrat,democrat,democrat,democrat,democrat,democrat
202,1,0,1,1,0,0,1,1,0,1,0,0,0,0,1,1,democrat,democrat,democrat,democrat,democrat,democrat,democrat,democrat,democrat,democrat,democrat
203,0,0,1,1,1,1,1,0,1,0,0,1,1,1,0,1,republican,republican,republican,republican,republican,republican,republican,republican,republican,republican,republican
204,0,0,1,0,0,1,1,1,0,1,0,1,0,0,0,1,democrat,democrat,democrat,democrat,democrat,democrat,democrat,democrat,democrat,democrat,democrat
205,0,0,0,0,1,1,0,0,0,1,0,1,0,1,0,1,republican,republican,republican,republican,republican,republican,republican,republican,republican,republican,republican
206,1,0,0,0,1,1,1,0,0,1,0,1,1,1,0,1,republican,republican,republican,republican,republican,republican,republican,republican,republican,republican,republican
207,0,0,1,0,0,0,1,1,0,0,0,0,0,0,1,1,democrat,democrat,democrat,democrat,democrat,democrat,democrat,democrat,democrat,democrat,democrat
208,1,1,1,0,0,0,1,1,1,1,1,0,0,0,0,1,democrat,democrat,democrat,democrat,democrat,democrat,democrat,democrat,democrat,democrat,democrat
209,0,0,1,1,0,1,1,1,1,0,0,0,0,0,1,1,democrat,democrat,democrat,democrat,democrat,democrat,democrat,democrat,democrat,democrat,democrat
210,0,1,0,0,1,1,0,0,1,1,0,1,1,1,0,1,republican,republican,republican,republican,republican,republican,republican,republican,republican,republican,republican
211,0,0,1,0,0,0,1,1,1,0,1,0,0,0,1,1,democrat,democrat,democrat,democrat,democrat,democrat,democrat,democrat,democrat,democrat,democrat
212,0,1,1,0,0,1,0,1,1,0,1,0,1,0,1,1,democrat,democrat,democrat,democrat,democrat,democrat,democrat,democrat,democrat,democrat,democrat
213,1,1,0,1,1,1,0,0,0,1,0,1,1,1,0,1,republican,republican,republican,republican,republican,republican,republican,republican,republican,republican,republican
214,0,1,1,0,1,1,0,0,0,1,1,1,1,1,1,0,democrat,republican,republican,republican,republican,republican,republican,republican,republican,republican,republican
215,1,1,1,1,1,1,0,0,0,1,0,0,0,1,1,0,democrat,democrat,democrat,democrat,democrat,democrat,democrat,democrat,democrat,democrat,democrat
216,0,1,0,0,1,1,0,0,0,1,0,1,1,1,0,0,republican,republican,republican,republican,republican,republican,republican,republican,republican,republican,republican
217,1,0,1,1,0,0,1,1,1,0,0,0,0,0,1,0,democrat,democrat,democrat,democrat,democrat,democrat,democrat,democrat,democrat,democrat,democrat
218,0,1,1,0,0,0,0,1,0,0,1,0,0,1,1,1,democrat,democrat,democrat,democrat,democrat,democrat,democrat,democrat,democrat,democrat,democrat
219,0,0,1,0,0,0,1,1,1,0,0,0,0,0,1,0,democrat,democrat,democrat,democrat,democrat,democrat,democrat,democrat,democrat,democrat,democrat
220,0,1,1,0,1,1,0,0,0,0,1,0,0,0,1,0,democrat,democrat,democrat,democrat,democrat,democrat,democrat,democrat,democrat,democrat,democrat
221,1,0,1,1,0,0,1,1,1,0,1,0,0,0,1,0,democrat,democrat,democrat,democrat,democrat,democrat,democrat,democrat,democrat,democrat,democrat
222,0,0,0,0,1,0,0,0,1,0,0,1,1,1,0,1,republican,republican,republican,republican,republican,republican,republican,republican,republican,republican,republican
223,0,1,0,1,1,1,0,0,1,1,0,0,1,1,0,0,republican,republican,republican,republican,republican,republican,republican,republican,republican,republican,republican
224,0,0,0,0,1,1,0,0,1,0,0,1,1,1,0,1,republican,republican,republican,republican,republican,republican,republican,republican,republican,republican,republican
225,0,0,1,0,0,1,1,1,1,0,1,0,0,1,1,1,democrat,democrat,democrat,democrat,democrat,democrat,democrat,democrat,democrat,democrat,democrat
226,1,0,1,0,0,0,1,1,0,0,0,0,0,0,0,1,democrat,democrat,democrat,democrat,democrat,democrat,democrat,democrat,democrat,democrat,democrat
227,0,1,0,0,1,1,0,0,1,0,0,1,1,0,0,1,republican,republican,republican,republican,republican,republican,republican,republican,republican,republican,republican
228,0,1,1,0,1,1,1,0,0,1,0,1,1,1,0,1,republican,republican,republican,republican,republican,republican,republican,republican,republican,republican,republican
229,0,1,0,0,1,1,0,0,0,0,0,1,1,1,0,1,republican,republican,republican,republican,republican,republican,republican,republican,republican,republican,republican
230,0,1,0,1,1,1,0,0,1,1,0,1,1,1,0,1,republican,republican,republican,republican,republican,republican,republican,republican,republican,republican,republican
231,0,1,1,0,0,0,1,1,0,0,1,0,0,0,1,0,democrat,democrat,democrat,democrat,democrat,democrat,democrat,democrat,democrat,democrat,democrat
232,0,1,0,1,1,1,0,0,0,1,0,1,1,1,0,1,republican,republican,republican,republican,republican,republican,republican,republican,republican,republican,republican
233,0,0,1,0,0,1,1,1,0,1,0,1,0,1,1,0,democrat,democrat,democrat,democrat,democrat,democrat,democrat,democrat,democrat,democrat,democrat
234,0,0,0,0,1,1,0,0,1,1,0,1,0,1,0,1,republican,republican,republican,republican,republican,republican,republican,republican,republican,republican,republican
235,0,0,1,0,0,0,1,1,1,0,0,0,0,0,1,1,democrat,democrat,democrat,democrat,democrat,democrat,democrat,democrat,democrat,democrat,democrat
236,1,0,1,1,0,1,1,1,0,0,0,1,1,0,0,1,democrat,democrat,democrat,democrat,democrat,democrat,democrat,democrat,democrat,democrat,democrat
237,1,1,1,0,0,0,1,1,0,1,0,0,0,0,1,0,democrat,democrat,democrat,democrat,democrat,democrat,democrat,democrat,democrat,democrat,democrat
238,0,0,0,1,1,1,1,0,1,1,0,0,0,1,1,1,republican,republican,republican,republican,republican,republican,republican,republican,republican,republican,republican
239,0,0,0,1,0,1,1,0,1,0,0,1,1,1,0,1,republican,republican,republican,republican,republican,republican,republican,republican,republican,republican,republican
240,1,0,1,0,0,0,1,1,0,1,1,0,0,1,1,1,democrat,democrat,democrat,democrat,democrat,democrat,democrat,democrat,democrat,democrat,democrat
241,0,0,0,1,1,1,1,0,0,0,0,0,0,1,1,1,republican,democrat,democrat,democrat,democrat,democrat,democrat,democrat,democrat,democrat,democrat
242,0,1,1,1,0,0,1,1,0,1,0,0,1,0,1,1,democrat,democrat,democrat,democrat,democrat,democrat,democrat,democrat,democrat,democrat,democrat
243,1,0,1,0,0,0,0,1,0,1,0,0,0,0,1,1,democrat,democrat,democrat,democrat,democrat,democrat,democrat,democrat,democrat,democrat,democrat
244,1,0,1,1,0,0,1,1,1,1,1,0,0,0,1,1,democrat,democrat,democrat,democrat,democrat,democrat,democrat,democrat,democrat,democrat,democrat
245,0,0,1,0,1,0,1,1,0,0,0,0,0,1,0,1,democrat,democrat,democrat,democrat,democrat,democrat,democrat,democrat,democrat,democrat,democrat
246,0,1,0,1,1,1,0,0,0,0,0,0,1,1,0,0,republican,republican,republican,republican,republican,republican,republican,republican,republican,republican,republican
247,0,0,0,1,0,0,0,0,1,0,0,0,0,0,0,0,republican,democrat,democrat,democrat,democrat,democrat,democrat,democrat,democrat,democrat,democrat
248,1,0,1,1,0,0,1,1,0,0,1,0,0,0,1,1,democrat,democrat,democrat,democrat,democrat,democrat,democrat,democrat,democrat,democrat,democrat
249,0,1,0,1,1,1,0,0,0,0,0,1,1,1,0,0,republican,republican,republican,republican,republican,republican,republican,republican,republican,republican,republican
250,0,1,0,0,1,1,0,0,1,0,0,1,1,1,0,0,republican,republican,republican,republican,republican,republican,republican,republican,republican,republican,republican
251,1,1,1,1,0,1,1,1,0,0,0,0,0,0,1,1,democrat,democrat,democrat,democrat,democrat,democrat,democrat,democrat,democrat,democrat,democrat
252,0,1,0,0,1,1,0,0,1,0,0,1,1,1,0,1,republican,republican,republican,republican,republican,republican,republican,republican,republican,republican,republican
253,1,0,1,0,0,0,1,1,1,1,0,0,0,0,0,1,democrat,democrat,democrat,democrat,democrat,democrat,democrat,democrat,democrat,democrat,democrat
254,1,0,1,0,0,0,1,1,1,1,0,0,0,1,1,1,democrat,democrat,democrat,democrat,democrat,democrat,democrat,democrat,democrat,democrat,democrat
255,0,0,0,0,1,0,0,0,0,0,0,1,0,1,0,0,republican,republican,republican,republican,republican,republican,republican,republican,republican,republican,republican
256,0,0,0,1,1,0,0,0,0,0,0,1,0,1,0,1,republican,republican,republican,republican,republican,republican,republican,republican,republican,republican,republican
257,0,0,1,0,0,0,1,1,1,0,1,0,0,0,1,1,democrat,democrat,democrat,democrat,democrat,democrat,democrat,democrat,democrat,democrat,democrat
258,1,0,1,1,0,0,1,1,1,0,0,0,0,0,0,1,democrat,democrat,democrat,democrat,democrat,democrat,democrat,democrat,democrat,democrat,democrat
259,1,0,1,1,0,0,1,1,0,1,0,0,0,0,0,1,democrat,democrat,democrat,democrat,democrat,democrat,democrat,democrat,democrat,democrat,democrat
260,1,0,1,0,0,0,1,1,1,0,0,0,0,0,0,0,democrat,democrat,democrat,democrat,democrat,democrat,democrat,democrat,democrat,democrat,democrat
261,1,0,1,1,0,0,1,1,0,1,0,0,0,0,1,1,democrat,democrat,democrat,democrat,democrat,democrat,democrat,democrat,democrat,democrat,democrat
262,1,0,1,1,0,0,1,1,1,0,0,0,0,0,1,0,democrat,democrat,democrat,democrat,democrat,democrat,democrat,democrat,democrat,democrat,democrat
263,1,0,1,0,0,0,1,1,1,0,0,0,0,0,1,0,democrat,democrat,democrat,democrat,democrat,democrat,democrat,democrat,democrat,democrat,democrat
264,1,0,1,0,0,0,1,1,0,1,0,0,0,0,0,1,democrat,democrat,democrat,democrat,democrat,democrat,democrat,democrat,democrat,democrat,democrat
265,0,0,0,0,1,1,0,0,0,1,0,1,0,1,0,1,republican,republican,republican,republican,republican,republican,republican,republican,republican,republican,republican
266,1,0,0,0,0,0,1,1,1,1,0,0,0,1,0,1,republican,democrat,democrat,democrat,democrat,democrat,democrat,democrat,democrat,democrat,democrat
267,1,0,1,1,0,0,1,1,1,0,0,0,0,0,1,0,democrat,democrat,democrat,democrat,democrat,democrat,democrat,democrat,democrat,democrat,democrat
268,1,0,1,0,0,0,1,1,1,0,0,0,0,0,0,1,democrat,democrat,democrat,democrat,democrat,democrat,democrat,democrat,democrat,democrat,democrat
269,1,1,1,0,0,0,1,1,0,0,0,0,0,0,1,1,democrat,democrat,democrat,democrat,democrat,democrat,democrat,democrat,democrat,democrat,democrat
270,0,1,1,0,0,1,1,1,1,0,0,0,0,0,0,1,democrat,democrat,democrat,democrat,democrat,democrat,democrat,democrat,democrat,democrat,democrat
271,1,0,1,1,0,0,1,1,1,1,0,0,0,0,1,0,democrat,democrat,democrat,democrat,democrat,democrat,democrat,democrat,democrat,democrat,democrat
272,0,0,0,1,1,0,1,1,1,1,0,1,1,1,0,1,republican,republican,republican,republican,republican,republican,republican,republican,republican,republican,republican
273,1,0,0,1,1,0,1,0,1,1,0,0,0,1,1,1,republican,republican,republican,republican,republican,republican,republican,republican,republican,republican,republican
274,0,0,1,0,1,1,0,0,1,0,0,0,1,1,0,0,democrat,republican,republican,republican,republican,republican,republican,republican,republican,republican,republican
275,0,0,0,1,1,1,0,0,1,0,0,1,1,1,1,0,republican,republican,republican,republican,republican,republican,republican,republican,republican,republican,republican
276,0,0,1,1,1,1,1,1,1,1,0,0,0,1,0,1,republican,republican,republican,republican,republican,republican,republican,republican,republican,republican,republican
277,0,0,0,1,1,1,0,0,0,0,0,1,1,1,0,1,republican,republican,republican,republican,republican,republican,republican,republican,republican,republican,republican
278,0,0,0,0,1,1,0,0,1,1,0,1,1,1,0,0,republican,republican,republican,republican,republican,republican,republican,republican,republican,republican,republican
279,0,0,1,0,0,0,1,1,1,1,0,0,0,1,0,1,democrat,democrat,democrat,democrat,democrat,democrat,democrat,democrat,democrat,democrat,democrat
280,1,0,1,1,1,1,1,1,0,0,0,0,0,1,0,0,republican,democrat,democrat,democrat,democrat,democrat,democrat,democrat,democrat,democrat,democrat
281,1,0,0,1,1,1,0,0,0,1,0,0,1,1,0,0,republican,republican,republican,republican,republican,republican,republican,republican,republican,republican,republican
282,0,0,0,1,1,1,0,0,0,0,0,1,1,1,0,1,republican,republican,republican,republican,republican,republican,republican,republican,republican,republican,republican
283,0,0,1,1,0,1,1,1,0,1,1,0,0,0,0,1,democrat,democrat,democrat,democrat,democrat,democrat,democrat,democrat,democrat,democrat,democrat
284,0,0,1,0,0,1,1,1,0,1,1,0,0,0,1,1,democrat,democrat,democrat,democrat,democrat,democrat,democrat,democrat,democrat,democrat,democrat
285,0,0,1,1,0,1,0,1,1,1,1,1,0,1,1,0,democrat,democrat,democrat,democrat,democrat,democrat,democrat,democrat,democrat,democrat,democrat
286,1,1,1,1,0,1,1,1,0,0,1,0,1,0,0,1,democrat,democrat,democrat,democrat,democrat,democrat,democrat,democrat,democrat,democrat,democrat
287,1,1,1,0,1,1,0,1,1,1,1,0,1,1,1,1,democrat,democrat,democrat,democrat,democrat,democrat,democrat,democrat,democrat,democrat,democrat
288,1,1,1,1,1,1,0,1,1,1,1,0,1,1,0,0,democrat,democrat,democrat,democrat,democrat,democrat,democrat,democrat,democrat,democrat,democrat
289,1,0,1,0,0,1,0,1,0,1,0,0,1,1,0,1,democrat,democrat,democrat,democrat,democrat,democrat,democrat,democrat,democrat,democrat,democrat
290,1,0,1,0,0,1,1,1,0,1,0,0,0,1,0,1,democrat,democrat,democrat,democrat,democrat,democrat,democrat,democrat,democrat,democrat,democrat
291,1,0,1,0,0,1,1,1,0,1,1,0,1,1,1,1,democrat,democrat,democrat,democrat,democrat,democrat,democrat,democrat,democrat,democrat,democrat
292,1,1,1,0,0,1,1,1,0,1,1,0,1,1,1,1,democrat,democrat,democrat,democrat,democrat,democrat,democrat,democrat,democrat,democrat,democrat
293,0,1,1,0,0,1,1,1,0,1,1,0,1,1,0,0,democrat,democrat,democrat,democrat,democrat,democrat,democrat,democrat,democrat,democrat,democrat
294,0,1,0,1,1,1,0,0,1,1,0,1,0,0,0,0,republican,republican,republican,republican,republican,republican,republican,republican,republican,republican,republican
295,0,0,1,0,1,1,0,0,1,1,0,1,1,1,1,1,republican,republican,republican,republican,republican,republican,republican,republican,republican,republican,republican
296,1,1,1,0,0,1,1,1,0,1,0,0,0,0,1,0,democrat,democrat,democrat,democrat,democrat,democrat,democrat,democrat,democrat,democrat,democrat
297,0,1,0,0,0,0,1,1,1,1,1,0,0,0,1,1,democrat,democrat,democrat,democrat,democrat,democrat,democrat,democrat,democrat,democrat,democrat
298,0,1,1,0,0,1,1,1,0,1,0,0,1,1,1,1,democrat,democrat,democrat,democrat,democrat,democrat,democrat,democrat,democrat,democrat,democrat
299,0,0,0,0,1,0,1,1,0,1,0,1,1,1,0,1,republican,republican,republican,republican,republican,republican,republican,republican,republican,republican,republican
300,0,0,0,1,0,1,1,1,0,0,0,0,0,0,1,1,democrat,democrat,democrat,democrat,democrat,democrat,democrat,democrat,democrat,democrat,democrat
301,0,0,0,0,1,1,1,0,0,1,0,1,1,1,0,1,republican,republican,republican,republican,republican,republican,republican,republican,republican,republican,republican
302,0,0,0,1,1,1,0,0,1,0,0,1,1,1,0,0,republican,republican,republican,republican,republican,republican,republican,republican,republican,republican,republican
303,0,1,0,1,1,1,0,0,0,1,0,1,1,1,0,0,republican,republican,republican,republican,republican,republican,republican,republican,republican,republican,republican
304,0,0,0,0,1,1,0,0,0,1,0,1,1,1,0,0,republican,republican,republican,republican,republican,republican,republican,republican,republican,republican,republican
305,0,0,0,1,1,1,0,0,1,0,0,1,1,1,0,0,republican,republican,republican,republican,republican,republican,republican,republican,republican,republican,republican
306,1,0,1,0,0,1,1,1,0,0,0,0,0,1,0,0,democrat,democrat,democrat,democrat,democrat,democrat,democrat,democrat,democrat,democrat,democrat
307,0,0,0,1,1,1,0,0,0,1,0,1,1,1,0,0,republican,republican,republican,republican,republican,republican,republican,republican,republican,republican,republican
308,1,0,0,0,0,1,1,1,1,1,0,0,0,1,1,1,democrat,democrat,democrat,democrat,democrat,democrat,democrat,democrat,democrat,democrat,democrat
309,0,0,0,0,1,1,0,0,1,1,0,1,1,1,1,0,republican,republican,republican,republican,republican,republican,republican,republican,republican,republican,republican
310,0,0,1,1,0,1,1,1,0,1,0,0,1,0,0,1,democrat,democrat,democrat,democrat,democrat,democrat,democrat,democrat,democrat,democrat,democrat
311,1,1,1,1,0,0,1,1,1,1,0,0,0,0,1,1,democrat,democrat,democrat,democrat,democrat,democrat,democrat,democrat,democrat,democrat,democrat
312,0,1,1,0,1,1,0,0,0,1,0,1,1,1,0,1,republican,republican,republican,republican,republican,republican,republican,republican,republican,republican,republican
313,0,1,0,1,1,1,1,1,0,0,1,1,1,1,1,1,republican,republican,republican,republican,republican,republican,republican,republican,republican,republican,republican
314,0,1,1,1,1,1,1,0,0,0,0,0,0,0,1,0,republican,democrat,democrat,democrat,democrat,democrat,democrat,democrat,democrat,democrat,democrat
315,0,0,0,0,0,1,0,1,0,0,1,1,1,1,1,0,democrat,democrat,democrat,democrat,democrat,democrat,democrat,democrat,democrat,democrat,democrat
316,1,0,0,0,0,0,1,1,1,1,0,0,0,0,1,1,democrat,democrat,democrat,democrat,democrat,democrat,democrat,democrat,democrat,democrat,democrat
317,0,0,1,0,0,0,1,1,0,0,0,0,0,0,1,0,democrat,democrat,democrat,democrat,democrat,democrat,democrat,democrat,democrat,democrat,democrat
318,1,0,1,1,0,0,1,1,1,0,0,0,0,0,1,0,democrat,democrat,democrat,democrat,democrat,democrat,democrat,democrat,democrat,democrat,democrat
319,0,1,1,1,0,1,0,1,1,1,0,0,1,1,0,1,democrat,democrat,democrat,democrat,democrat,democrat,democrat,democrat,democrat,democrat,democrat
320,1,1,1,1,0,0,1,1,1,1,0,0,1,0,0,1,democrat,democrat,democrat,democrat,democrat,democrat,democrat,democrat,democrat,democrat,democrat
321,1,1,1,1,0,1,0,0,0,0,1,0,1,1,0,0,democrat,democrat,democrat,democrat,democrat,democrat,democrat,democrat,democrat,democrat,democrat
322,1,1,1,0,1,1,0,1,1,1,0,0,1,1,0,0,democrat,democrat,democrat,democrat,democrat,democrat,democrat,democrat,democrat,democrat,democrat
323,0,1,0,0,1,1,0,0,1,0,1,1,1,1,0,0,republican,republican,republican,republican,republican,republican,republican,republican,republican,republican,republican
324,0,1,0,0,1,1,0,0,0,0,0,1,1,1,0,1,democrat,republican,republican,republican,republican,republican,republican,republican,republican,republican,republican
325,1,1,0,0,0,0,1,1,1,0,1,0,0,1,0,1,democrat,democrat,democrat,democrat,democrat,democrat,democrat,democrat,democrat,democrat,democrat
326,0,1,0,1,1,1,0,0,1,0,0,1,1,1,0,1,republican,republican,republican,republican,republican,republican,republican,republican,republican,republican,republican
327,1,1,1,0,0,0,1,1,0,0,1,0,0,0,0,1,democrat,democrat,democrat,democrat,democrat,democrat,democrat,democrat,democrat,democrat,democrat
328,1,0,1,1,0,1,1,1,0,1,0,0,0,0,1,0,democrat,democrat,democrat,democrat,democrat,democrat,democrat,democrat,democrat,democrat,democrat
329,0,1,0,1,1,1,0,0,0,1,0,1,1,1,0,0,republican,republican,republican,republican,republican,republican,republican,republican,republican,republican,republican
330,1,0,1,0,0,0,1,1,0,0,0,0,0,0,1,0,democrat,democrat,democrat,democrat,democrat,democrat,democrat,democrat,democrat,democrat,democrat
331,1,0,1,1,0,0,1,1,1,0,1,0,0,0,1,0,democrat,democrat,democrat,democrat,democrat,democrat,democrat,democrat,democrat,democrat,democrat
332,0,0,1,1,0,0,1,1,1,0,0,0,0,0,1,1,democrat,democrat,democrat,democrat,democrat,democrat,democrat,democrat,democrat,democrat,democrat
333,0,1,1,0,0,1,1,1,1,0,1,1,0,0,1,1,democrat,democrat,democrat,democrat,democrat,democrat,democrat,democrat,democrat,democrat,democrat
334,0,0,0,0,1,1,0,0,1,1,1,1,1,1,0,0,republican,republican,republican,republican,republican,republican,republican,republican,republican,republican,republican
335,0,0,1,0,0,1,1,1,1,0,1,0,0,1,0,1,democrat,democrat,democrat,democrat,democrat,democrat,democrat,democrat,democrat,democrat,democrat
336,1,0,1,0,0,0,1,1,0,0,0,0,0,0,1,1,democrat,democrat,democrat,democrat,democrat,democrat,democrat,democrat,democrat,democrat,democrat
337,1,0,1,0,0,0,1,1,1,1,0,0,0,1,1,1,democrat,democrat,democrat,democrat,democrat,democrat,democrat,democrat,democrat,democrat,democrat
338,1,0,0,1,1,1,0,0,0,0,1,1,1,1,0,0,republican,republican,republican,republican,republican,republican,republican,republican,republican,republican,republican
339,0,0,0,0,1,1,0,0,0,1,1,1,0,1,0,1,republican,republican,republican,republican,republican,republican,republican,republican,republican,republican,republican
340,0,0,1,0,0,1,1,1,0,1,1,0,0,0,1,1,democrat,democrat,democrat,democrat,democrat,democrat,democrat,democrat,democrat,democrat,democrat
341,0,1,1,0,1,0,1,0,1,1,1,0,1,0,1,1,democrat,democrat,democrat,democrat,democrat,democrat,democrat,democrat,democrat,democrat,democrat
342,0,0,0,0,1,0,1,0,0,1,0,0,0,1,0,1,republican,republican,republican,republican,republican,republican,republican,republican,republican,republican,republican
343,0,0,1,0,0,0,1,1,1,1,1,0,0,0,1,1,democrat,democrat,democrat,democrat,democrat,democrat,democrat,democrat,democrat,democrat,democrat
344,0,0,0,0,1,1,1,0,0,1,0,1,0,1,1,1,republican,republican,republican,republican,republican,republican,republican,republican,republican,republican,republican
345,0,0,0,0,1,1,0,0,1,1,0,1,1,1,0,1,republican,republican,republican,republican,republican,republican,republican,republican,republican,republican,republican
346,1,0,0,1,1,1,0,0,0,1,0,1,1,1,0,0,republican,republican,republican,republican,republican,republican,republican,republican,republican,republican,republican
347,1,0,1,0,0,0,1,1,1,1,0,1,0,0,1,0,democrat,democrat,democrat,democrat,democrat,democrat,democrat,democrat,democrat,democrat,democrat
348,0,1,1,0,1,1,1,1,1,0,0,1,1,1,0,1,republican,republican,republican,republican,republican,republican,republican,republican,republican,republican,republican
349,0,1,0,1,0,1,1,0,1,0,1,0,0,0,1,1,democrat,democrat,democrat,democrat,democrat,democrat,democrat,democrat,democrat,democrat,democrat
350,0,0,1,1,1,1,1,1,0,1,0,1,1,1,1,1,republican,republican,republican,republican,republican,republican,republican,republican,republican,republican,republican
351,0,1,0,1,0,1,1,1,0,0,1,0,1,0,1,0,democrat,democrat,democrat,democrat,democrat,democrat,democrat,democrat,democrat,democrat,democrat
352,0,0,1,0,1,1,1,0,1,1,1,1,1,1,0,1,republican,republican,republican,republican,republican,republican,republican,republican,republican,republican,republican
353,0,1,1,0,0,1,1,1,0,1,0,0,0,0,1,1,democrat,democrat,democrat,democrat,democrat,democrat,democrat,democrat,democrat,democrat,democrat
354,1,0,1,0,0,0,0,1,0,1,0,0,0,1,1,1,republican,democrat,democrat,democrat,democrat,democrat,democrat,democrat,democrat,democrat,democrat
355,0,0,0,1,1,1,0,0,1,0,0,1,1,1,0,0,republican,republican,republican,republican,republican,republican,republican,republican,republican,republican,republican
356,0,0,0,0,1,1,0,0,1,0,0,1,1,1,0,0,republican,republican,republican,republican,republican,republican,republican,republican,republican,republican,republican
357,1,1,1,0,0,1,1,1,1,1,1,1,1,1,0,0,democrat,democrat,democrat,democrat,democrat,democrat,democrat,democrat,democrat,democrat,democrat
358,0,0,0,1,1,1,0,0,0,1,0,1,1,1,0,1,republican,republican,republican,republican,republican,republican,republican,republican,republican,republican,republican
359,1,0,1,0,0,1,1,1,0,1,0,0,1,0,0,1,democrat,democrat,democrat,democrat,democrat,democrat,democrat,democrat,democrat,democrat,democrat
360,1,0,1,1,1,1,1,0,0,1,0,0,1,1,0,0,democrat,democrat,democrat,democrat,democrat,democrat,democrat,democrat,democrat,democrat,democrat
361,1,1,1,1,0,1,1,1,1,1,1,1,1,0,0,1,democrat,democrat,democrat,democrat,democrat,democrat,democrat,democrat,democrat,democrat,democrat
362,1,1,0,1,1,1,0,0,0,1,1,0,1,0,0,0,republican,republican,republican,republican,republican,republican,republican,republican,republican,republican,republican
363,1,1,0,0,1,1,0,0,1,0,1,0,1,1,0,1,republican,republican,republican,republican,republican,republican,republican,republican,republican,republican,republican
364,0,1,0,1,1,1,0,0,1,1,1,0,1,1,0,0,democrat,republican,republican,republican,republican,republican,republican,republican,republican,republican,republican
365,1,0,1,0,0,0,1,1,0,1,1,0,0,0,0,0,democrat,democrat,democrat,democrat,democrat,democrat,democrat,democrat,democrat,democrat,democrat
366,1,1,1,0,1,1,1,1,0,1,1,0,0,0,1,0,democrat,democrat,democrat,democrat,democrat,democrat,democrat,democrat,democrat,democrat,democrat
367,0,1,1,1,0,1,1,1,0,1,0,0,0,0,1,1,democrat,democrat,democrat,democrat,democrat,democrat,democrat,democrat,democrat,democrat,democrat
368,0,1,0,0,1,1,0,0,1,0,0,0,1,1,0,1,republican,republican,republican,republican,republican,republican,republican,republican,republican,republican,republican
369,1,1,1,0,0,1,1,1,0,1,0,0,0,0,1,1,democrat,democrat,democrat,democrat,democrat,democrat,democrat,democrat,democrat,democrat,democrat
370,1,1,1,0,0,0,1,1,1,1,0,0,0,0,1,0,democrat,democrat,democrat,democrat,democrat,democrat,democrat,democrat,democrat,democrat,democrat
371,0,1,1,1,1,1,0,0,0,0,1,1,0,1,0,0,democrat,republican,republican,republican,republican,republican,republican,republican,republican,republican,republican
372,0,1,1,1,1,1,0,1,1,1,0,0,1,1,0,1,democrat,democrat,democrat,democrat,democrat,democrat,democrat,democrat,democrat,democrat,democrat
373,0,1,0,0,1,1,0,0,1,0,0,1,1,1,0,1,republican,republican,republican,republican,republican,republican,republican,republican,republican,republican,republican
374,0,1,0,0,1,1,0,0,0,0,1,1,0,1,0,0,democrat,republican,republican,republican,republican,republican,republican,republican,republican,republican,republican
375,1,0,1,1,0,0,1,1,1,0,1,0,0,0,1,1,democrat,democrat,democrat,democrat,democrat,democrat,democrat,democrat,democrat,democrat,democrat
376,0,1,0,0,1,1,0,0,0,0,0,0,1,0,0,0,republican,republican,republican,republican,republican,republican,republican,republican,republican,republican,republican
377,0,0,0,1,1,1,0,0,1,0,0,1,1,1,0,1,republican,republican,republican,republican,republican,republican,republican,republican,republican,republican,republican
378,0,0,0,0,1,1,0,0,0,0,0,1,1,1,0,1,republican,republican,republican,republican,republican,republican,republican,republican,republican,republican,republican
379,1,1,1,0,0,1,0,1,0,0,1,0,1,0,1,1,democrat,democrat,democrat,democrat,democrat,democrat,democrat,democrat,democrat,democrat,democrat
380,1,1,1,1,1,1,1,1,0,1,1,0,1,1,0,0,democrat,democrat,democrat,democrat,democrat,democrat,democrat,democrat,democrat,democrat,democrat
381,1,1,0,0,1,1,0,0,1,0,1,0,1,1,0,0,democrat,republican,republican,republican,republican,republican,republican,republican,republican,republican,republican
382,1,1,1,0,1,1,0,1,0,1,1,0,0,0,0,1,democrat,democrat,democrat,democrat,democrat,democrat,democrat,democrat,democrat,democrat,democrat
383,1,1,1,0,1,1,0,0,0,0,1,1,1,1,0,1,democrat,republican,republican,republican,republican,republican,republican,republican,republican,republican,republican
384,1,1,0,1,1,1,0,0,0,0,1,1,1,1,1,0,democrat,republican,republican,republican,republican,republican,republican,republican,republican,republican,republican
385,0,0,1,0,1,1,0,1,1,0,1,0,0,0,0,0,democrat,democrat,democrat,democrat,democrat,democrat,democrat,democrat,democrat,democrat,democrat
386,1,1,1,0,1,1,0,1,0,0,1,0,0,1,0,0,democrat,democrat,democrat,democrat,democrat,democrat,democrat,democrat,democrat,democrat,democrat
387,0,1,1,1,1,1,0,0,0,0,0,1,1,1,0,0,democrat,republican,republican,republican,republican,republican,republican,republican,republican,republican,republican
388,1,0,1,1,0,0,1,1,0,0,1,0,0,0,1,0,democrat,democrat,democrat,democrat,democrat,democrat,democrat,democrat,democrat,democrat,democrat
389,0,0,0,1,0,1,0,0,0,0,1,1,0,1,0,0,democrat,republican,republican,republican,republican,republican,republican,republican,republican,republican,republican
390,1,1,0,1,0,0,0,1,1,0,1,0,0,0,1,0,democrat,democrat,democrat,democrat,democrat,democrat,democrat,democrat,democrat,democrat,democrat
391,1,1,0,0,1,1,0,0,0,0,1,1,1,1,0,1,republican,republican,republican,republican,republican,republican,republican,republican,republican,republican,republican
392,0,0,0,1,0,1,0,1,0,0,0,1,1,0,0,0,republican,democrat,democrat,democrat,democrat,democrat,democrat,democrat,democrat,democrat,democrat
393,1,1,0,1,0,1,0,0,1,0,1,0,1,0,0,1,democrat,democrat,democrat,democrat,democrat,democrat,democrat,democrat,democrat,democrat,democrat
394,1,1,1,0,0,0,0,1,0,0,1,0,0,0,1,1,democrat,democrat,democrat,democrat,democrat,democrat,democrat,democrat,democrat,democrat,democrat
395,1,1,1,1,1,1,0,1,0,0,1,0,1,0,1,1,democrat,democrat,democrat,democrat,democrat,democrat,democrat,democrat,democrat,democrat,democrat
396,1,1,0,1,1,0,0,0,1,0,1,0,1,1,0,1,democrat,democrat,republican,republican,republican,democrat,democrat,democrat,democrat,republican,republican
397,0,1,1,1,1,1,0,1,1,0,0,0,0,0,0,1,democrat,democrat,democrat,democrat,democrat,democrat,democrat,democrat,democrat,democrat,democrat
398,0,1,0,1,0,1,0,0,0,1,0,1,1,1,0,0,republican,republican,republican,republican,republican,republican,republican,republican,republican,republican,republican
399,0,1,0,1,1,1,0,0,0,0,0,0,0,1,0,0,republican,republican,republican,republican,republican,republican,republican,republican,republican,republican,republican
400,0,1,0,0,1,1,0,0,0,1,1,1,1,1,0,0,republican,republican,republican,republican,republican,republican,republican,republican,republican,republican,republican
401,0,0,1,0,0,1,1,1,1,1,0,1,0,1,0,1,republican,democrat,democrat,democrat,democrat,democrat,democrat,democrat,democrat,democrat,democrat
402,0,1,0,1,1,1,0,0,1,1,0,1,0,1,0,0,republican,republican,republican,republican,republican,republican,republican,republican,republican,republican,republican
403,1,1,0,0,1,1,0,0,0,1,0,1,1,1,0,1,republican,republican,republican,republican,republican,republican,republican,republican,republican,republican,republican
404,0,0,0,0,1,1,0,0,0,0,0,1,1,1,0,1,republican,republican,republican,republican,republican,republican,republican,republican,republican,republican,republican
405,1,0,1,0,1,1,0,0,0,1,0,0,1,1,0,1,democrat,democrat,democrat,democrat,democrat,democrat,democrat,democrat,democrat,democrat,democrat
406,0,0,0,0,1,1,0,0,1,0,1,1,1,1,0,0,democrat,republican,republican,republican,republican,republican,republican,republican,republican,republican,republican
407,1,0,1,0,0,1,1,1,1,0,0,1,0,1,1,1,democrat,democrat,democrat,democrat,democrat,democrat,democrat,democrat,democrat,democrat,democrat
408,0,0,0,1,1,1,0,0,0,0,0,1,1,1,0,0,republican,republican,republican,republican,republican,republican,republican,republican,republican,republican,republican
409,0,0,0,0,1,1,0,0,1,0,1,1,1,1,0,1,republican,republican,republican,republican,republican,republican,republican,republican,republican,republican,republican
410,1,0,1,0,0,1,1,1,0,1,1,0,0,0,0,1,democrat,democrat,democrat,democrat,democrat,democrat,democrat,democrat,democrat,democrat,democrat
411,0,0,0,0,1,1,0,0,0,1,0,1,1,1,0,1,republican,republican,republican,republican,republican,republican,republican,republican,republican,republican,republican
412,1,1,1,1,1,1,1,1,0,1,0,0,0,1,0,1,republican,democrat,democrat,democrat,democrat,democrat,democrat,democrat,democrat,democrat,democrat
413,1,1,1,0,0,0,1,1,1,0,0,0,0,0,0,1,democrat,democrat,democrat,democrat,democrat,democrat,democrat,democrat,democrat,democrat,democrat
414,0,1,1,1,0,1,1,1,0,1,0,0,0,0,0,1,democrat,democrat,democrat,democrat,democrat,democrat,democrat,democrat,democrat,democrat,democrat
415,1,1,0,1,1,1,0,0,1,1,0,0,1,1,0,1,republican,republican,republican,republican,republican,republican,republican,republican,republican,republican,republican
416,1,1,1,0,0,0,1,1,1,1,1,0,1,0,0,1,democrat,democrat,democrat,democrat,democrat,democrat,democrat,democrat,democrat,democrat,democrat
417,1,1,1,0,0,0,1,1,1,1,0,0,0,0,0,1,democrat,democrat,democrat,democrat,democrat,democrat,democrat,democrat,democrat,democrat,democrat
418,1,1,1,0,0,0,1,1,0,0,0,0,0,0,0,1,democrat,democrat,democrat,democrat,democrat,democrat,democrat,democrat,democrat,democrat,democrat
419,1,1,1,0,1,1,1,1,1,1,0,0,1,1,0,1,republican,republican,republican,republican,republican,republican,republican,republican,republican,republican,republican
420,0,1,1,1,1,1,1,1,1,0,1,0,1,0,1,1,democrat,democrat,democrat,democrat,democrat,democrat,democrat,democrat,democrat,democrat,democrat
421,0,0,1,1,0,1,1,1,0,0,1,0,0,0,1,1,democrat,democrat,democrat,democrat,democrat,democrat,democrat,democrat,democrat,democrat,democrat
422,0,1,1,1,0,1,1,1,1,0,1,0,0,1,1,1,democrat,democrat,democrat,democrat,democrat,democrat,democrat,democrat,democrat,democrat,democrat
423,0,1,1,1,0,0,1,1,1,1,1,0,0,1,1,1,democrat,democrat,democrat,democrat,democrat,democrat,democrat,democrat,democrat,democrat,democrat
424,0,0,1,1,0,0,1,1,1,1,1,0,0,0,1,0,democrat,democrat,democrat,democrat,democrat,democrat,democrat,democrat,democrat,democrat,democrat
425,1,0,1,1,0,0,1,1,0,1,0,0,0,0,1,1,democrat,democrat,democrat,democrat,democrat,democrat,democrat,democrat,democrat,democrat,democrat
426,0,0,0,0,1,1,1,1,1,1,0,1,1,1,0,1,republican,republican,republican,republican,republican,republican,republican,republican,republican,republican,republican
427,0,0,0,0,0,0,1,1,1,1,0,0,1,0,1,1,democrat,democrat,democrat,democrat,democrat,democrat,democrat,democrat,democrat,democrat,democrat
428,1,0,1,0,0,0,1,1,1,1,0,1,0,0,1,1,democrat,democrat,democrat,democrat,democrat,democrat,democrat,democrat,democrat,democrat,democrat
429,0,0,1,0,1,1,0,0,1,1,0,1,1,1,0,1,republican,republican,republican,republican,republican,republican,republican,republican,republican,republican,republican
430,0,0,1,1,0,0,1,1,0,1,0,0,0,0,0,1,democrat,democrat,democrat,democrat,democrat,democrat,democrat,democrat,democrat,democrat,democrat
431,0,0,0,0,1,1,0,0,1,0,1,1,1,1,0,1,republican,republican,republican,republican,republican,republican,republican,republican,republican,republican,republican
432,0,0,0,0,1,1,0,0,1,0,0,1,1,1,0,1,republican,republican,republican,republican,republican,republican,republican,republican,republican,republican,republican
433,0,1,0,0,1,1,0,0,1,1,0,1,1,1,0,0,republican,republican,republican,republican,republican,republican,republican,republican,republican,republican,republican
