,handicapped-infants,water-project-cost-sharing,adoption-of-the-budget-resolution,physician-fee-freeze,el-salvador-aid,religious-groups-in-schools,anti-satellite-test-ban,aid-to-nicaraguan-contras,mx-missile,immigration,synfuels-corporation-cutback,education-spending,superfund-right-to-sue,crime,duty-free-exports,export-administration-act-south-africa,Class,Pred_0,Pred_0_Zero_One_Loss,Pred_1,Pred_1_Zero_One_Loss,Pred_2,Pred_2_Zero_One_Loss,Pred_3,Pred_3_Zero_One_Loss,Pred_4,Pred_4_Zero_One_Loss,Pred_5,Pred_5_Zero_One_Loss,Pred_6,Pred_6_Zero_One_Loss,Pred_7,Pred_7_Zero_One_Loss,Pred_8,Pred_8_Zero_One_Loss,Pred_9,Pred_9_Zero_One_Loss
0,n,y,n,y,y,y,n,n,n,n,n,y,y,y,n,n,republican,republican,1,republican,1,republican,1,republican,1,republican,1,republican,1,republican,1,republican,1,republican,1,republican,1
1,n,y,y,n,y,y,n,n,n,n,y,n,y,y,n,n,democrat,republican,0,republican,0,republican,0,republican,0,republican,0,democrat,1,republican,0,republican,0,republican,0,republican,0
2,n,y,y,n,n,y,n,n,n,n,y,n,y,n,n,y,democrat,democrat,1,democrat,1,democrat,1,democrat,1,democrat,1,democrat,1,democrat,1,democrat,1,democrat,1,democrat,1
3,y,y,y,n,y,y,n,n,n,n,y,n,y,y,y,y,democrat,democrat,1,democrat,1,democrat,1,democrat,1,democrat,1,democrat,1,democrat,1,democrat,1,democrat,1,democrat,1
4,n,y,y,n,y,y,n,n,n,n,n,n,y,y,y,y,democrat,democrat,1,democrat,1,democrat,1,democrat,1,democrat,1,democrat,1,democrat,1,democrat,1,democrat,1,democrat,1
5,n,y,n,y,y,y,n,n,n,n,n,n,n,y,y,y,democrat,republican,0,republican,0,republican,0,republican,0,republican,0,republican,0,republican,0,republican,0,republican,0,republican,0
6,n,y,n,y,y,y,n,n,n,n,n,n,y,y,n,y,republican,republican,1,republican,1,republican,1,republican,1,republican,1,republican,1,republican,1,republican,1,republican,1,republican,1
7,n,y,n,y,y,y,n,n,n,n,n,y,y,y,n,y,republican,republican,1,republican,1,republican,1,republican,1,republican,1,republican,1,republican,1,republican,1,republican,1,republican,1
8,y,y,y,n,n,n,y,y,y,n,n,n,n,n,n,n,democrat,democrat,1,democrat,1,democrat,1,democrat,1,democrat,1,democrat,1,democrat,1,democrat,1,democrat,1,democrat,1
9,n,y,n,y,y,n,n,n,n,n,n,n,y,y,n,n,republican,republican,1,republican,1,republican,1,republican,1,republican,1,republican,1,republican,1,republican,1,republican,1,republican,1
10,n,y,n,y,y,y,n,n,n,n,y,n,y,y,n,n,republican,republican,1,republican,1,republican,1,republican,1,republican,1,republican,1,republican,1,republican,1,republican,1,republican,1
11,n,y,y,n,n,n,y,y,y,n,n,n,y,n,n,n,democrat,democrat,1,democrat,1,democrat,1,democrat,1,democrat,1,democrat,1,democrat,1,democrat,1,democrat,1,democrat,1
12,y,y,y,n,n,y,y,y,n,y,y,n,n,n,y,n,democrat,democrat,1,democrat,1,democrat,1,democrat,1,democrat,1,democrat,1,democrat,1,democrat,1,democrat,1,democrat,1
13,n,y,n,y,y,y,n,n,n,n,n,y,n,n,n,n,republican,republican,1,republican,1,republican,1,republican,1,republican,1,republican,1,republican,1,republican,1,republican,1,republican,1
14,n,y,n,y,y,y,n,n,n,y,n,y,y,n,n,n,republican,republican,1,republican,1,republican,1,republican,1,republican,1,republican,1,republican,1,republican,1,republican,1,republican,1
15,y,n,y,n,n,y,n,y,n,y,y,y,n,n,n,y,democrat,democrat,1,democrat,1,democrat,1,democrat,1,democrat,1,democrat,1,democrat,1,democrat,1,democrat,1,democrat,1
16,y,n,y,n,n,n,y,y,y,n,n,n,y,n,y,y,democrat,democrat,1,democrat,1,democrat,1,democrat,1,democrat,1,democrat,1,democrat,1,democrat,1,democrat,1,democrat,1
17,n,y,n,y,y,y,n,n,n,n,n,n,y,y,n,n,republican,republican,1,republican,1,republican,1,republican,1,republican,1,republican,1,republican,1,republican,1,republican,1,republican,1
18,y,y,y,n,n,n,y,y,y,n,y,n,n,n,y,y,democrat,democrat,1,democrat,1,democrat,1,democrat,1,democrat,1,democrat,1,democrat,1,democrat,1,democrat,1,democrat,1
19,y,y,y,n,n,n,y,y,n,n,y,n,n,n,y,y,democrat,democrat,1,democrat,1,democrat,1,democrat,1,democrat,1,democrat,1,democrat,1,democrat,1,democrat,1,democrat,1
20,y,y,y,n,n,n,y,y,y,n,n,n,n,n,y,y,democrat,democrat,1,democrat,1,democrat,1,democrat,1,democrat,1,democrat,1,democrat,1,democrat,1,democrat,1,democrat,1
21,y,n,y,n,n,n,y,y,y,n,n,n,n,n,y,y,democrat,democrat,1,democrat,1,democrat,1,democrat,1,democrat,1,democrat,1,democrat,1,democrat,1,democrat,1,democrat,1
22,y,y,y,n,n,n,y,y,y,n,n,n,n,n,y,y,democrat,democrat,1,democrat,1,democrat,1,democrat,1,democrat,1,democrat,1,democrat,1,democrat,1,democrat,1,democrat,1
23,y,n,y,n,n,n,y,y,y,n,n,n,n,n,y,n,democrat,democrat,1,democrat,1,democrat,1,democrat,1,democrat,1,democrat,1,democrat,1,democrat,1,democrat,1,democrat,1
24,y,n,y,n,n,n,y,y,y,y,n,n,n,n,y,y,democrat,democrat,1,democrat,1,democrat,1,democrat,1,democrat,1,democrat,1,democrat,1,democrat,1,democrat,1,democrat,1
25,y,n,y,n,n,n,y,y,y,n,y,n,n,n,y,y,democrat,democrat,1,democrat,1,democrat,1,democrat,1,democrat,1,democrat,1,democrat,1,democrat,1,democrat,1,democrat,1
26,y,y,y,n,n,n,y,y,y,n,y,n,n,n,y,y,democrat,democrat,1,democrat,1,democrat,1,democrat,1,democrat,1,democrat,1,democrat,1,democrat,1,democrat,1,democrat,1
27,y,n,n,y,y,n,y,y,y,n,n,y,y,y,n,y,republican,republican,1,republican,1,republican,1,republican,1,republican,1,republican,1,republican,1,republican,1,republican,1,republican,1
28,y,y,y,n,n,n,y,y,y,n,y,n,n,n,y,y,democrat,democrat,1,democrat,1,democrat,1,democrat,1,democrat,1,democrat,1,democrat,1,democrat,1,democrat,1,democrat,1
29,n,y,n,y,y,y,n,n,n,n,n,y,y,y,n,n,republican,republican,1,republican,1,republican,1,republican,1,republican,1,republican,1,republican,1,republican,1,republican,1,republican,1
30,y,y,y,n,n,n,y,y,y,n,y,n,n,n,y,n,democrat,democrat,1,democrat,1,democrat,1,democrat,1,democrat,1,democrat,1,democrat,1,democrat,1,democrat,1,democrat,1
31,y,y,y,n,n,n,y,y,y,y,n,n,y,n,y,y,democrat,democrat,1,democrat,1,democrat,1,democrat,1,democrat,1,democrat,1,democrat,1,democrat,1,democrat,1,democrat,1
32,n,y,n,y,y,y,n,n,n,n,n,y,y,y,n,y,republican,republican,1,republican,1,republican,1,republican,1,republican,1,republican,1,republican,1,republican,1,republican,1,republican,1
33,y,y,y,n,n,n,y,y,y,n,n,n,n,n,y,y,democrat,democrat,1,democrat,1,democrat,1,democrat,1,democrat,1,democrat,1,democrat,1,democrat,1,democrat,1,democrat,1
34,n,y,n,y,y,y,n,n,n,n,n,y,y,y,n,n,republican,republican,1,republican,1,republican,1,republican,1,republican,1,republican,1,republican,1,republican,1,republican,1,republican,1
35,y,n,n,y,y,y,n,n,n,y,n,y,n,y,n,y,republican,republican,1,republican,1,republican,1,republican,1,republican,1,republican,1,republican,1,republican,1,republican,1,republican,1
36,y,y,n,y,y,y,n,n,n,n,n,n,y,y,n,y,republican,republican,1,republican,1,republican,1,republican,1,republican,1,republican,1,republican,1,republican,1,republican,1,republican,1
37,n,y,n,y,y,y,n,n,n,y,n,y,y,y,n,n,republican,republican,1,republican,1,republican,1,republican,1,republican,1,republican,1,republican,1,republican,1,republican,1,republican,1
38,y,n,y,n,n,n,y,y,y,y,y,n,y,n,y,y,democrat,democrat,1,democrat,1,democrat,1,democrat,1,democrat,1,democrat,1,democrat,1,democrat,1,democrat,1,democrat,1
39,y,y,y,n,n,n,y,y,y,n,n,n,n,n,n,n,democrat,democrat,1,democrat,1,democrat,1,democrat,1,democrat,1,democrat,1,democrat,1,democrat,1,democrat,1,democrat,1
40,y,y,y,n,n,n,y,y,y,n,n,n,n,n,y,n,democrat,democrat,1,democrat,1,democrat,1,democrat,1,democrat,1,democrat,1,democrat,1,democrat,1,democrat,1,democrat,1
41,y,n,y,n,n,n,y,y,y,n,n,n,n,n,n,y,democrat,democrat,1,democrat,1,democrat,1,democrat,1,democrat,1,democrat,1,democrat,1,democrat,1,democrat,1,democrat,1
42,y,n,y,n,n,n,y,y,y,n,n,n,n,n,y,y,democrat,democrat,1,democrat,1,democrat,1,democrat,1,democrat,1,democrat,1,democrat,1,democrat,1,democrat,1,democrat,1
43,y,y,y,n,n,n,y,y,y,n,y,n,n,n,n,n,democrat,democrat,1,democrat,1,democrat,1,democrat,1,democrat,1,democrat,1,democrat,1,democrat,1,democrat,1,democrat,1
44,y,y,y,n,n,n,y,y,n,n,y,n,n,n,y,n,democrat,democrat,1,democrat,1,democrat,1,democrat,1,democrat,1,democrat,1,democrat,1,democrat,1,democrat,1,democrat,1
45,y,y,y,n,n,n,y,y,y,n,n,n,n,n,n,y,democrat,democrat,1,democrat,1,democrat,1,democrat,1,democrat,1,democrat,1,democrat,1,democrat,1,democrat,1,democrat,1
46,y,n,y,n,n,n,y,y,n,n,n,n,n,n,n,n,democrat,democrat,1,democrat,1,democrat,1,democrat,1,democrat,1,democrat,1,democrat,1,democrat,1,democrat,1,democrat,1
47,y,y,y,n,n,n,y,y,n,n,n,n,n,y,n,y,democrat,democrat,1,democrat,1,democrat,1,democrat,1,democrat,1,democrat,1,democrat,1,democrat,1,democrat,1,democrat,1
48,n,n,n,y,y,y,n,n,n,n,n,y,y,y,n,n,republican,republican,1,republican,1,republican,1,republican,1,republican,1,republican,1,republican,1,republican,1,republican,1,republican,1
49,y,y,y,n,n,n,y,y,y,n,y,n,n,n,y,y,democrat,democrat,1,democrat,1,democrat,1,democrat,1,democrat,1,democrat,1,democrat,1,democrat,1,democrat,1,democrat,1
50,n,y,n,y,y,y,n,n,n,n,n,y,y,y,n,y,republican,republican,1,republican,1,republican,1,republican,1,republican,1,republican,1,republican,1,republican,1,republican,1,republican,1
51,y,y,y,n,n,n,y,y,y,n,n,n,n,n,n,n,democrat,democrat,1,democrat,1,democrat,1,democrat,1,democrat,1,democrat,1,democrat,1,democrat,1,democrat,1,democrat,1
52,y,y,n,y,y,y,n,n,n,y,n,y,y,y,n,n,republican,republican,1,republican,1,republican,1,republican,1,republican,1,republican,1,republican,1,republican,1,republican,1,republican,1
53,y,y,y,n,n,y,n,y,n,n,y,y,n,y,n,n,democrat,democrat,1,democrat,1,democrat,1,democrat,1,democrat,1,democrat,1,democrat,1,democrat,1,democrat,1,democrat,1
54,n,y,n,y,y,y,n,n,n,y,y,y,y,y,n,n,republican,republican,1,republican,1,republican,1,republican,1,republican,1,republican,1,republican,1,republican,1,republican,1,republican,1
55,n,y,n,y,y,y,n,n,n,y,y,y,y,y,n,y,republican,republican,1,republican,1,republican,1,republican,1,republican,1,republican,1,republican,1,republican,1,republican,1,republican,1
56,n,y,n,y,y,y,n,n,n,y,n,y,y,y,n,y,republican,republican,1,republican,1,republican,1,republican,1,republican,1,republican,1,republican,1,republican,1,republican,1,republican,1
57,n,y,n,y,y,y,n,n,n,y,n,y,y,y,n,y,republican,republican,1,republican,1,republican,1,republican,1,republican,1,republican,1,republican,1,republican,1,republican,1,republican,1
58,n,y,n,y,y,y,n,n,n,y,n,y,y,y,n,n,republican,republican,1,republican,1,republican,1,republican,1,republican,1,republican,1,republican,1,republican,1,republican,1,republican,1
59,y,y,y,n,n,n,y,y,y,y,n,n,n,n,y,n,democrat,democrat,1,democrat,1,democrat,1,democrat,1,democrat,1,democrat,1,democrat,1,democrat,1,democrat,1,democrat,1
60,n,y,n,y,y,y,n,n,n,n,n,y,y,y,n,n,republican,republican,1,republican,1,republican,1,republican,1,republican,1,republican,1,republican,1,republican,1,republican,1,republican,1
61,y,y,y,n,n,n,y,y,y,n,n,n,n,n,n,n,democrat,democrat,1,democrat,1,democrat,1,democrat,1,democrat,1,democrat,1,democrat,1,democrat,1,democrat,1,democrat,1
62,y,y,y,n,n,n,y,y,y,n,y,n,n,n,n,y,democrat,democrat,1,democrat,1,democrat,1,democrat,1,democrat,1,democrat,1,democrat,1,democrat,1,democrat,1,democrat,1
63,y,y,y,n,n,n,y,y,y,n,y,n,n,n,n,y,democrat,democrat,1,democrat,1,democrat,1,democrat,1,democrat,1,democrat,1,democrat,1,democrat,1,democrat,1,democrat,1
64,y,y,n,y,y,y,y,n,n,n,n,y,y,y,n,y,republican,republican,1,republican,1,republican,1,republican,1,republican,1,republican,1,republican,1,republican,1,republican,1,republican,1
65,n,y,n,y,y,y,y,n,n,n,y,y,y,y,n,y,republican,republican,1,republican,1,republican,1,republican,1,republican,1,republican,1,republican,1,republican,1,republican,1,republican,1
66,n,y,n,y,y,y,n,n,n,y,n,y,y,y,n,n,republican,republican,1,republican,1,republican,1,republican,1,republican,1,republican,1,republican,1,republican,1,republican,1,republican,1
67,y,n,y,n,n,n,y,y,y,n,n,n,y,n,y,y,democrat,democrat,1,democrat,1,democrat,1,democrat,1,democrat,1,democrat,1,democrat,1,democrat,1,democrat,1,democrat,1
68,y,y,y,n,n,n,y,y,y,n,n,n,n,n,y,y,democrat,democrat,1,democrat,1,democrat,1,democrat,1,democrat,1,democrat,1,democrat,1,democrat,1,democrat,1,democrat,1
69,y,n,y,n,n,n,y,y,y,n,n,n,y,n,y,n,democrat,democrat,1,democrat,1,democrat,1,democrat,1,democrat,1,democrat,1,democrat,1,democrat,1,democrat,1,democrat,1
70,y,y,y,y,n,n,y,y,y,y,y,n,n,y,n,y,republican,democrat,0,democrat,0,democrat,0,democrat,0,democrat,0,democrat,0,democrat,0,democrat,0,democrat,0,democrat,0
71,y,y,y,n,n,n,y,y,y,n,y,n,n,n,y,n,democrat,democrat,1,democrat,1,democrat,1,democrat,1,democrat,1,democrat,1,democrat,1,democrat,1,democrat,1,democrat,1
72,y,n,y,y,y,n,y,n,y,y,n,n,y,y,n,y,republican,democrat,0,democrat,0,democrat,0,democrat,0,democrat,0,democrat,0,democrat,0,democrat,0,democrat,0,democrat,0
73,y,n,y,n,n,y,y,y,y,y,y,n,n,y,y,y,democrat,democrat,1,democrat,1,democrat,1,democrat,1,democrat,1,democrat,1,democrat,1,democrat,1,democrat,1,democrat,1
74,n,y,y,y,y,y,n,n,n,y,y,n,y,y,n,n,democrat,republican,0,republican,0,republican,0,republican,0,republican,0,republican,0,republican,0,republican,0,republican,0,republican,0
75,n,y,y,n,y,y,n,n,n,y,y,y,y,y,n,n,democrat,republican,0,republican,0,republican,0,republican,0,republican,0,republican,0,republican,0,republican,0,republican,0,republican,0
76,n,y,y,y,y,y,n,y,y,y,y,y,y,y,n,y,democrat,republican,0,republican,0,republican,0,republican,0,republican,0,republican,0,republican,0,republican,0,republican,0,republican,0
77,y,y,y,n,y,y,n,n,n,y,y,n,y,y,n,y,democrat,democrat,1,democrat,1,democrat,1,democrat,1,democrat,1,democrat,1,democrat,1,democrat,1,democrat,1,democrat,1
78,n,n,n,y,y,n,n,n,n,y,n,y,y,y,n,n,republican,republican,1,republican,1,republican,1,republican,1,republican,1,republican,1,republican,1,republican,1,republican,1,republican,1
79,y,n,y,n,n,y,y,y,y,y,n,y,n,y,n,n,democrat,democrat,1,democrat,1,democrat,1,democrat,1,democrat,1,democrat,1,democrat,1,democrat,1,democrat,1,democrat,1
80,y,n,y,n,n,n,y,y,n,y,y,y,n,y,n,y,democrat,democrat,1,democrat,1,democrat,1,democrat,1,democrat,1,democrat,1,democrat,1,democrat,1,democrat,1,democrat,1
81,n,n,n,y,y,y,n,n,n,y,n,y,y,y,n,y,republican,republican,1,republican,1,republican,1,republican,1,republican,1,republican,1,republican,1,republican,1,republican,1,republican,1
82,n,n,n,y,y,y,n,n,n,n,n,y,y,y,n,n,republican,republican,1,republican,1,republican,1,republican,1,republican,1,republican,1,republican,1,republican,1,republican,1,republican,1
83,n,n,n,y,y,y,n,n,n,y,n,y,y,y,n,n,republican,republican,1,republican,1,republican,1,republican,1,republican,1,republican,1,republican,1,republican,1,republican,1,republican,1
84,n,n,y,n,y,y,n,n,n,y,y,y,y,y,n,y,democrat,republican,0,republican,0,republican,0,republican,0,republican,0,republican,0,republican,0,republican,0,republican,0,republican,0
85,n,n,n,y,y,y,n,n,n,y,n,y,y,y,n,n,republican,republican,1,republican,1,republican,1,republican,1,republican,1,republican,1,republican,1,republican,1,republican,1,republican,1
86,n,n,n,y,y,y,n,n,n,n,n,y,y,y,n,n,republican,republican,1,republican,1,republican,1,republican,1,republican,1,republican,1,republican,1,republican,1,republican,1,republican,1
87,n,y,y,n,y,y,y,n,y,y,y,n,y,y,n,y,democrat,democrat,1,democrat,1,democrat,1,democrat,1,democrat,1,democrat,1,democrat,1,democrat,1,democrat,1,democrat,1
88,n,n,n,y,y,y,n,n,n,y,n,n,y,y,n,n,republican,republican,1,republican,1,republican,1,republican,1,republican,1,republican,1,republican,1,republican,1,republican,1,republican,1
89,y,n,y,n,n,n,y,y,y,y,n,n,n,n,y,y,democrat,democrat,1,democrat,1,democrat,1,democrat,1,democrat,1,democrat,1,democrat,1,democrat,1,democrat,1,democrat,1
90,y,n,y,n,n,n,y,y,y,y,y,n,n,n,y,y,democrat,democrat,1,democrat,1,democrat,1,democrat,1,democrat,1,democrat,1,democrat,1,democrat,1,democrat,1,democrat,1
91,y,y,y,n,n,n,y,y,n,y,y,n,n,n,y,y,democrat,democrat,1,democrat,1,democrat,1,democrat,1,democrat,1,democrat,1,democrat,1,democrat,1,democrat,1,democrat,1
92,y,n,y,n,n,n,y,n,y,y,y,n,n,n,y,y,democrat,democrat,1,democrat,1,democrat,1,democrat,1,democrat,1,democrat,1,democrat,1,democrat,1,democrat,1,democrat,1
93,y,n,y,n,y,y,n,n,n,n,n,n,n,n,n,y,democrat,democrat,1,democrat,1,democrat,1,democrat,1,democrat,1,democrat,1,democrat,1,democrat,1,democrat,1,democrat,1
94,y,n,y,n,y,y,n,n,n,n,y,n,n,n,y,y,democrat,democrat,1,democrat,1,democrat,1,democrat,1,democrat,1,democrat,1,democrat,1,democrat,1,democrat,1,democrat,1
95,n,n,n,n,y,y,n,n,n,n,y,y,y,y,n,y,democrat,republican,0,republican,0,republican,0,republican,0,republican,0,republican,0,republican,0,republican,0,republican,0,republican,0
96,y,n,n,n,y,y,y,n,n,y,y,n,n,y,n,y,democrat,democrat,1,democrat,1,democrat,1,democrat,1,democrat,1,democrat,1,democrat,1,democrat,1,democrat,1,democrat,1
97,y,y,y,n,n,y,y,y,y,y,n,n,n,n,n,y,democrat,democrat,1,democrat,1,democrat,1,democrat,1,democrat,1,democrat,1,democrat,1,democrat,1,democrat,1,democrat,1
98,n,n,n,y,y,y,n,n,n,y,n,y,y,y,n,n,republican,republican,1,republican,1,republican,1,republican,1,republican,1,republican,1,republican,1,republican,1,republican,1,republican,1
99,y,n,n,n,y,y,n,n,n,n,y,y,n,y,n,y,democrat,republican,0,republican,0,republican,0,republican,0,republican,0,republican,0,republican,0,republican,0,republican,0,republican,0
100,y,n,y,n,y,y,y,n,n,n,y,n,n,y,n,y,democrat,democrat,1,democrat,1,democrat,1,democrat,1,democrat,1,democrat,1,democrat,1,democrat,1,democrat,1,democrat,1
101,y,n,y,n,y,y,y,n,n,n,y,n,y,y,y,n,democrat,democrat,1,democrat,1,democrat,1,democrat,1,democrat,1,democrat,1,democrat,1,democrat,1,democrat,1,democrat,1
102,y,n,n,n,y,y,n,n,n,n,n,n,n,y,n,n,democrat,republican,0,republican,0,republican,0,republican,0,republican,0,republican,0,republican,0,republican,0,republican,0,republican,0
103,n,n,n,n,n,y,y,y,y,y,n,n,y,y,n,n,democrat,democrat,1,democrat,1,democrat,1,democrat,1,democrat,1,democrat,1,democrat,1,democrat,1,democrat,1,democrat,1
104,y,y,y,n,n,n,n,y,y,n,y,n,n,n,y,y,democrat,democrat,1,democrat,1,democrat,1,democrat,1,democrat,1,democrat,1,democrat,1,democrat,1,democrat,1,democrat,1
105,n,y,n,y,y,y,n,n,n,n,n,y,y,y,n,y,republican,republican,1,republican,1,republican,1,republican,1,republican,1,republican,1,republican,1,republican,1,republican,1,republican,1
106,n,n,n,n,n,n,n,n,n,n,n,n,n,y,n,n,republican,democrat,0,democrat,0,democrat,0,democrat,0,democrat,0,democrat,0,democrat,0,democrat,0,democrat,0,democrat,0
107,y,n,y,n,n,n,y,y,y,n,n,n,n,n,y,n,democrat,democrat,1,democrat,1,democrat,1,democrat,1,democrat,1,democrat,1,democrat,1,democrat,1,democrat,1,democrat,1
108,y,n,y,n,n,n,y,y,y,n,n,n,n,n,y,n,democrat,democrat,1,democrat,1,democrat,1,democrat,1,democrat,1,democrat,1,democrat,1,democrat,1,democrat,1,democrat,1
109,n,n,y,n,n,n,y,y,y,y,n,n,n,n,y,y,democrat,democrat,1,democrat,1,democrat,1,democrat,1,democrat,1,democrat,1,democrat,1,democrat,1,democrat,1,democrat,1
110,n,n,n,y,y,y,n,n,n,y,n,y,y,y,n,y,republican,republican,1,republican,1,republican,1,republican,1,republican,1,republican,1,republican,1,republican,1,republican,1,republican,1
111,n,n,y,n,n,y,y,y,n,y,n,n,n,n,y,n,democrat,democrat,1,democrat,1,democrat,1,democrat,1,democrat,1,democrat,1,democrat,1,democrat,1,democrat,1,democrat,1
112,n,n,n,y,y,y,n,n,n,y,n,y,y,y,n,n,republican,republican,1,republican,1,republican,1,republican,1,republican,1,republican,1,republican,1,republican,1,republican,1,republican,1
113,y,n,y,n,n,n,y,y,y,n,n,n,n,n,y,n,democrat,democrat,1,democrat,1,democrat,1,democrat,1,democrat,1,democrat,1,democrat,1,democrat,1,democrat,1,democrat,1
114,n,n,y,n,n,n,y,y,y,y,n,n,n,n,y,y,democrat,democrat,1,democrat,1,democrat,1,democrat,1,democrat,1,democrat,1,democrat,1,democrat,1,democrat,1,democrat,1
115,y,n,y,n,n,n,y,y,y,n,y,n,n,n,y,y,democrat,democrat,1,democrat,1,democrat,1,democrat,1,democrat,1,democrat,1,democrat,1,democrat,1,democrat,1,democrat,1
116,y,y,y,y,y,n,y,n,n,n,n,y,y,y,n,y,republican,republican,1,republican,1,republican,1,republican,1,republican,1,republican,1,republican,1,republican,1,republican,1,republican,1
117,n,y,y,n,n,n,n,y,y,y,y,n,n,n,y,y,democrat,democrat,1,democrat,1,democrat,1,democrat,1,democrat,1,democrat,1,democrat,1,democrat,1,democrat,1,democrat,1
118,n,n,n,y,y,y,n,n,n,n,n,y,y,y,n,n,republican,republican,1,republican,1,republican,1,republican,1,republican,1,republican,1,republican,1,republican,1,republican,1,republican,1
119,n,n,n,y,y,y,n,n,n,y,n,y,y,y,n,y,republican,republican,1,republican,1,republican,1,republican,1,republican,1,republican,1,republican,1,republican,1,republican,1,republican,1
120,n,n,n,y,y,y,n,n,n,y,n,y,y,y,n,y,republican,republican,1,republican,1,republican,1,republican,1,republican,1,republican,1,republican,1,republican,1,republican,1,republican,1
121,n,n,n,y,y,y,n,n,n,y,n,y,n,y,n,y,republican,republican,1,republican,1,republican,1,republican,1,republican,1,republican,1,republican,1,republican,1,republican,1,republican,1
122,y,n,n,y,y,y,n,y,n,n,n,y,y,y,n,y,republican,republican,1,republican,1,republican,1,republican,1,republican,1,republican,1,republican,1,republican,1,republican,1,republican,1
123,n,n,y,n,n,n,y,y,y,n,n,n,n,n,y,y,democrat,democrat,1,democrat,1,democrat,1,democrat,1,democrat,1,democrat,1,democrat,1,democrat,1,democrat,1,democrat,1
124,n,n,n,y,y,y,n,n,n,y,n,y,y,y,n,y,republican,republican,1,republican,1,republican,1,republican,1,republican,1,republican,1,republican,1,republican,1,republican,1,republican,1
125,n,n,n,y,y,y,n,n,n,n,n,y,y,y,n,n,republican,republican,1,republican,1,republican,1,republican,1,republican,1,republican,1,republican,1,republican,1,republican,1,republican,1
126,n,n,y,n,n,n,y,y,y,y,y,n,n,y,y,y,democrat,democrat,1,democrat,1,democrat,1,democrat,1,democrat,1,democrat,1,democrat,1,democrat,1,democrat,1,democrat,1
127,n,n,y,n,n,y,n,y,n,y,y,n,n,n,y,y,democrat,democrat,1,democrat,1,democrat,1,democrat,1,democrat,1,democrat,1,democrat,1,democrat,1,democrat,1,democrat,1
128,n,n,y,n,n,n,y,y,n,n,n,n,n,n,n,n,democrat,democrat,1,democrat,1,democrat,1,democrat,1,democrat,1,democrat,1,democrat,1,democrat,1,democrat,1,democrat,1
129,y,n,y,n,n,n,y,y,y,n,n,n,n,n,y,n,democrat,democrat,1,democrat,1,democrat,1,democrat,1,democrat,1,democrat,1,democrat,1,democrat,1,democrat,1,democrat,1
130,n,n,y,n,n,y,n,y,y,y,n,n,n,y,n,y,democrat,democrat,1,democrat,1,democrat,1,democrat,1,democrat,1,democrat,1,democrat,1,democrat,1,democrat,1,democrat,1
131,n,n,n,y,y,y,n,n,n,y,n,y,y,y,n,n,republican,republican,1,republican,1,republican,1,republican,1,republican,1,republican,1,republican,1,republican,1,republican,1,republican,1
132,n,n,n,y,y,y,n,n,n,y,n,y,y,y,n,y,republican,republican,1,republican,1,republican,1,republican,1,republican,1,republican,1,republican,1,republican,1,republican,1,republican,1
133,n,n,n,y,y,y,n,n,n,n,n,y,y,y,n,n,republican,republican,1,republican,1,republican,1,republican,1,republican,1,republican,1,republican,1,republican,1,republican,1,republican,1
134,n,n,n,y,y,y,n,n,n,y,n,y,y,y,n,n,republican,republican,1,republican,1,republican,1,republican,1,republican,1,republican,1,republican,1,republican,1,republican,1,republican,1
135,n,y,n,y,y,y,n,n,n,y,y,y,y,n,n,y,republican,republican,1,republican,1,republican,1,republican,1,republican,1,republican,1,republican,1,republican,1,republican,1,republican,1
136,n,n,y,n,n,y,y,y,y,y,n,n,n,y,y,y,democrat,democrat,1,democrat,1,democrat,1,democrat,1,democrat,1,democrat,1,democrat,1,democrat,1,democrat,1,democrat,1
137,n,n,y,n,n,y,y,y,y,y,n,n,n,y,n,y,democrat,democrat,1,democrat,1,democrat,1,democrat,1,democrat,1,democrat,1,democrat,1,democrat,1,democrat,1,democrat,1
138,y,n,y,n,n,y,y,y,y,n,n,n,n,n,y,y,democrat,democrat,1,democrat,1,democrat,1,democrat,1,democrat,1,democrat,1,democrat,1,democrat,1,democrat,1,democrat,1
139,n,n,n,y,n,n,y,y,y,y,n,n,y,y,n,y,republican,democrat,0,democrat,0,democrat,0,democrat,0,democrat,0,democrat,0,democrat,0,democrat,0,democrat,0,democrat,0
140,n,n,n,y,y,y,y,y,y,y,n,y,y,y,n,y,republican,republican,1,republican,1,republican,1,republican,1,republican,1,republican,1,republican,1,republican,1,republican,1,republican,1
141,n,n,n,y,y,y,y,y,y,y,n,y,y,y,n,y,republican,republican,1,republican,1,republican,1,republican,1,republican,1,republican,1,republican,1,republican,1,republican,1,republican,1
142,n,y,n,n,n,n,y,y,y,y,y,n,n,y,y,y,democrat,democrat,1,democrat,1,democrat,1,democrat,1,democrat,1,democrat,1,democrat,1,democrat,1,democrat,1,democrat,1
143,n,n,n,n,n,y,y,y,y,y,n,n,n,y,n,n,democrat,democrat,1,democrat,1,democrat,1,democrat,1,democrat,1,democrat,1,democrat,1,democrat,1,democrat,1,democrat,1
144,n,n,y,n,n,y,y,y,y,y,n,n,n,y,n,y,democrat,democrat,1,democrat,1,democrat,1,democrat,1,democrat,1,democrat,1,democrat,1,democrat,1,democrat,1,democrat,1
145,n,y,n,y,y,y,n,n,n,n,n,y,y,y,n,y,republican,republican,1,republican,1,republican,1,republican,1,republican,1,republican,1,republican,1,republican,1,republican,1,republican,1
146,n,n,n,n,n,n,y,y,y,y,n,y,y,y,y,y,democrat,democrat,1,democrat,1,democrat,1,democrat,1,democrat,1,democrat,1,democrat,1,democrat,1,democrat,1,democrat,1
147,n,y,n,y,y,y,n,n,n,y,y,y,y,y,n,y,republican,republican,1,republican,1,republican,1,republican,1,republican,1,republican,1,republican,1,republican,1,republican,1,republican,1
148,n,n,y,n,n,n,y,y,y,y,n,n,y,n,y,y,democrat,democrat,1,democrat,1,democrat,1,democrat,1,democrat,1,democrat,1,democrat,1,democrat,1,democrat,1,democrat,1
149,y,y,n,y,y,y,n,n,n,y,n,y,y,y,n,y,republican,republican,1,republican,1,republican,1,republican,1,republican,1,republican,1,republican,1,republican,1,republican,1,republican,1
150,y,y,n,y,y,y,n,n,y,n,y,n,y,y,n,n,democrat,republican,0,republican,0,republican,0,republican,0,republican,0,republican,0,republican,0,republican,0,republican,0,republican,0
151,n,y,y,n,n,y,n,y,y,y,y,n,y,n,y,y,democrat,democrat,1,democrat,1,democrat,1,democrat,1,democrat,1,democrat,1,democrat,1,democrat,1,democrat,1,democrat,1
152,n,n,y,n,n,y,y,y,y,y,y,n,y,y,n,y,democrat,democrat,1,democrat,1,democrat,1,democrat,1,democrat,1,democrat,1,democrat,1,democrat,1,democrat,1,democrat,1
153,n,y,n,y,y,y,n,n,n,n,n,y,y,y,n,n,republican,republican,1,republican,1,republican,1,republican,1,republican,1,republican,1,republican,1,republican,1,republican,1,republican,1
154,y,y,n,y,y,y,n,n,n,n,y,y,y,y,n,n,republican,republican,1,republican,1,republican,1,republican,1,republican,1,republican,1,republican,1,republican,1,republican,1,republican,1
155,y,y,n,y,y,y,y,n,n,n,n,y,y,y,n,n,republican,republican,1,republican,1,republican,1,republican,1,republican,1,republican,1,republican,1,republican,1,republican,1,republican,1
156,n,y,y,n,n,y,n,y,y,n,y,n,n,n,n,n,democrat,democrat,1,democrat,1,democrat,1,democrat,1,democrat,1,democrat,1,democrat,1,democrat,1,democrat,1,democrat,1
157,n,y,n,y,y,y,n,n,n,y,n,y,y,y,n,n,republican,republican,1,republican,1,republican,1,republican,1,republican,1,republican,1,republican,1,republican,1,republican,1,republican,1
158,n,y,y,n,n,y,y,y,y,y,y,n,n,n,n,n,democrat,democrat,1,democrat,1,democrat,1,democrat,1,democrat,1,democrat,1,democrat,1,democrat,1,democrat,1,democrat,1
159,n,y,n,n,y,y,n,n,n,n,n,y,y,y,y,y,democrat,republican,0,republican,0,republican,0,republican,0,republican,0,republican,0,republican,0,republican,0,republican,0,republican,0
160,n,n,n,n,y,y,y,n,n,n,n,y,y,y,n,y,democrat,republican,0,republican,0,republican,0,republican,0,republican,0,republican,0,republican,0,republican,0,republican,0,republican,0
161,n,y,y,n,y,y,y,n,n,n,y,y,y,y,n,y,democrat,republican,0,republican,0,republican,0,republican,0,republican,0,republican,0,republican,0,republican,0,republican,0,republican,0
162,n,y,n,y,y,y,y,n,n,n,n,y,y,y,n,y,republican,republican,1,republican,1,republican,1,republican,1,republican,1,republican,1,republican,1,republican,1,republican,1,republican,1
163,y,y,n,n,y,y,n,n,n,y,y,y,y,y,n,n,democrat,republican,0,republican,0,republican,0,republican,0,republican,0,republican,0,republican,0,republican,0,republican,0,republican,0
164,n,y,y,n,n,y,y,y,y,y,y,n,y,n,y,n,democrat,democrat,1,democrat,1,democrat,1,democrat,1,democrat,1,democrat,1,democrat,1,democrat,1,democrat,1,democrat,1
165,y,n,y,y,y,y,y,y,n,y,n,y,n,y,y,y,republican,democrat,0,democrat,0,democrat,0,democrat,0,democrat,0,democrat,0,democrat,0,democrat,0,democrat,0,democrat,0
166,y,n,y,y,y,y,y,y,n,y,y,y,n,y,y,y,republican,democrat,0,democrat,0,democrat,0,democrat,0,democrat,0,democrat,0,democrat,0,democrat,0,democrat,0,democrat,0
167,n,n,y,y,y,y,n,n,y,n,n,n,y,y,y,n,democrat,republican,0,republican,0,republican,0,republican,0,republican,0,republican,0,republican,0,republican,0,republican,0,republican,0
168,y,n,y,n,n,n,y,y,y,y,y,n,n,y,n,y,democrat,democrat,1,democrat,1,democrat,1,democrat,1,democrat,1,democrat,1,democrat,1,democrat,1,democrat,1,democrat,1
169,y,n,y,n,n,n,n,y,y,n,n,n,n,n,y,n,democrat,democrat,1,democrat,1,democrat,1,democrat,1,democrat,1,democrat,1,democrat,1,democrat,1,democrat,1,democrat,1
170,n,n,n,y,y,y,n,n,n,y,n,y,y,y,n,y,republican,republican,1,republican,1,republican,1,republican,1,republican,1,republican,1,republican,1,republican,1,republican,1,republican,1
171,n,y,y,n,n,n,y,y,y,y,n,n,n,n,y,y,democrat,democrat,1,democrat,1,democrat,1,democrat,1,democrat,1,democrat,1,democrat,1,democrat,1,democrat,1,democrat,1
172,n,n,n,n,y,y,n,n,n,y,y,y,y,y,n,y,democrat,republican,0,republican,0,republican,0,republican,0,republican,0,republican,0,republican,0,republican,0,republican,0,republican,0
173,y,n,y,n,n,n,y,y,y,n,n,n,n,n,y,n,democrat,democrat,1,democrat,1,democrat,1,democrat,1,democrat,1,democrat,1,democrat,1,democrat,1,democrat,1,democrat,1
174,n,y,y,n,n,n,y,y,y,y,n,n,n,n,y,y,democrat,democrat,1,democrat,1,democrat,1,democrat,1,democrat,1,democrat,1,democrat,1,democrat,1,democrat,1,democrat,1
175,n,n,y,y,n,n,y,y,y,y,n,n,n,y,y,y,republican,democrat,0,democrat,0,democrat,0,democrat,0,democrat,0,democrat,0,democrat,0,democrat,0,democrat,0,democrat,0
176,n,n,y,n,n,n,y,y,y,y,y,n,n,n,y,y,democrat,democrat,1,democrat,1,democrat,1,democrat,1,democrat,1,democrat,1,democrat,1,democrat,1,democrat,1,democrat,1
177,n,n,y,n,n,n,y,y,y,y,y,n,n,n,y,n,democrat,democrat,1,democrat,1,democrat,1,democrat,1,democrat,1,democrat,1,democrat,1,democrat,1,democrat,1,democrat,1
178,y,n,y,n,n,n,y,y,y,y,n,n,n,n,y,y,democrat,democrat,1,democrat,1,democrat,1,democrat,1,democrat,1,democrat,1,democrat,1,democrat,1,democrat,1,democrat,1
179,n,n,y,n,n,n,y,y,y,n,n,n,n,n,n,n,democrat,democrat,1,democrat,1,democrat,1,democrat,1,democrat,1,democrat,1,democrat,1,democrat,1,democrat,1,democrat,1
180,n,n,y,n,n,n,y,y,y,y,y,n,n,n,y,y,democrat,democrat,1,democrat,1,democrat,1,democrat,1,democrat,1,democrat,1,democrat,1,democrat,1,democrat,1,democrat,1
181,y,n,y,n,n,n,y,y,y,n,n,n,n,n,y,y,democrat,democrat,1,democrat,1,democrat,1,democrat,1,democrat,1,democrat,1,democrat,1,democrat,1,democrat,1,democrat,1
182,n,n,n,n,n,n,n,n,y,n,n,n,n,n,n,n,democrat,democrat,1,democrat,1,democrat,1,democrat,1,democrat,1,democrat,1,democrat,1,democrat,1,democrat,1,democrat,1
183,n,n,y,n,n,n,y,y,y,y,y,n,n,n,y,y,democrat,democrat,1,democrat,1,democrat,1,democrat,1,democrat,1,democrat,1,democrat,1,democrat,1,democrat,1,democrat,1
184,y,n,y,n,n,n,y,y,y,y,n,n,n,n,y,y,democrat,democrat,1,democrat,1,democrat,1,democrat,1,democrat,1,democrat,1,democrat,1,democrat,1,democrat,1,democrat,1
185,n,y,y,n,n,n,y,y,y,y,y,n,n,n,y,y,democrat,democrat,1,democrat,1,democrat,1,democrat,1,democrat,1,democrat,1,democrat,1,democrat,1,democrat,1,democrat,1
186,y,n,y,n,n,n,y,y,y,n,n,n,n,n,y,n,democrat,democrat,1,democrat,1,democrat,1,democrat,1,democrat,1,democrat,1,democrat,1,democrat,1,democrat,1,democrat,1
187,y,n,n,y,y,y,y,y,n,n,n,y,n,y,n,n,republican,republican,1,republican,1,republican,1,republican,1,republican,1,republican,1,republican,1,republican,1,republican,1,republican,1
188,y,n,y,n,n,n,y,y,y,n,n,n,n,n,y,y,democrat,democrat,1,democrat,1,democrat,1,democrat,1,democrat,1,democrat,1,democrat,1,democrat,1,democrat,1,democrat,1
189,n,n,n,y,y,y,n,n,n,n,n,y,y,y,n,n,republican,republican,1,republican,1,republican,1,republican,1,republican,1,republican,1,republican,1,republican,1,republican,1,republican,1
190,n,y,n,y,y,y,n,n,n,y,n,y,y,y,n,n,republican,republican,1,republican,1,republican,1,republican,1,republican,1,republican,1,republican,1,republican,1,republican,1,republican,1
191,n,n,n,n,n,y,y,y,y,n,y,n,n,y,y,y,democrat,democrat,1,democrat,1,democrat,1,democrat,1,democrat,1,democrat,1,democrat,1,democrat,1,democrat,1,democrat,1
192,n,n,y,n,n,n,y,y,y,n,n,n,n,n,y,y,democrat,democrat,1,democrat,1,democrat,1,democrat,1,democrat,1,democrat,1,democrat,1,democrat,1,democrat,1,democrat,1
193,n,n,y,n,n,y,y,n,y,y,y,n,n,n,y,y,democrat,democrat,1,democrat,1,democrat,1,democrat,1,democrat,1,democrat,1,democrat,1,democrat,1,democrat,1,democrat,1
194,n,n,n,y,y,y,n,n,n,n,n,y,y,y,n,n,republican,republican,1,republican,1,republican,1,republican,1,republican,1,republican,1,republican,1,republican,1,republican,1,republican,1
195,n,n,y,n,n,y,y,y,y,n,y,y,n,y,y,n,democrat,democrat,1,democrat,1,democrat,1,democrat,1,democrat,1,democrat,1,democrat,1,democrat,1,democrat,1,democrat,1
196,n,n,y,y,y,y,n,n,n,y,n,n,n,y,n,y,republican,republican,1,republican,1,republican,1,republican,1,republican,1,republican,1,republican,1,republican,1,republican,1,republican,1
197,n,n,y,n,n,n,y,y,y,y,y,n,n,n,y,n,democrat,democrat,1,democrat,1,democrat,1,democrat,1,democrat,1,democrat,1,democrat,1,democrat,1,democrat,1,democrat,1
198,y,y,n,n,n,n,y,y,n,n,y,n,n,n,y,n,democrat,democrat,1,democrat,1,democrat,1,democrat,1,democrat,1,democrat,1,democrat,1,democrat,1,democrat,1,democrat,1
199,n,n,y,n,n,n,y,y,y,n,n,n,n,y,y,y,democrat,democrat,1,democrat,1,democrat,1,democrat,1,democrat,1,democrat,1,democrat,1,democrat,1,democrat,1,democrat,1
200,y,y,y,n,n,n,y,y,y,n,n,n,n,n,y,y,democrat,democrat,1,democrat,1,democrat,1,democrat,1,democrat,1,democrat,1,democrat,1,democrat,1,democrat,1,democrat,1
201,y,n,y,n,n,y,y,y,y,y,y,n,n,n,y,y,democrat,democrat,1,democrat,1,democrat,1,democrat,1,democrat,1,democrat,1,democrat,1,democrat,1,democrat,1,democrat,1
202,y,n,y,n,n,n,y,y,y,y,n,n,n,n,y,y,democrat,democrat,1,democrat,1,democrat,1,democrat,1,democrat,1,democrat,1,democrat,1,democrat,1,democrat,1,democrat,1
203,n,n,y,y,y,y,y,n,n,n,n,y,y,y,n,y,republican,republican,1,republican,1,republican,1,republican,1,republican,1,republican,1,republican,1,republican,1,republican,1,republican,1
204,n,n,y,n,n,y,y,y,y,y,n,y,n,n,n,y,democrat,democrat,1,democrat,1,democrat,1,democrat,1,democrat,1,democrat,1,democrat,1,democrat,1,democrat,1,democrat,1
205,n,n,n,y,y,y,n,n,n,y,n,y,n,y,n,y,republican,republican,1,republican,1,republican,1,republican,1,republican,1,republican,1,republican,1,republican,1,republican,1,republican,1
206,y,n,n,y,y,y,y,n,n,y,n,y,y,y,n,y,republican,republican,1,republican,1,republican,1,republican,1,republican,1,republican,1,republican,1,republican,1,republican,1,republican,1
207,n,n,y,n,n,n,y,y,y,n,n,n,n,n,y,y,democrat,democrat,1,democrat,1,democrat,1,democrat,1,democrat,1,democrat,1,democrat,1,democrat,1,democrat,1,democrat,1
208,y,y,y,n,n,n,y,y,y,y,y,n,n,n,n,y,democrat,democrat,1,democrat,1,democrat,1,democrat,1,democrat,1,democrat,1,democrat,1,democrat,1,democrat,1,democrat,1
209,n,n,y,n,n,y,y,y,y,n,n,n,n,n,y,y,democrat,democrat,1,democrat,1,democrat,1,democrat,1,democrat,1,democrat,1,democrat,1,democrat,1,democrat,1,democrat,1
210,n,y,n,y,y,y,n,n,n,y,n,y,y,y,n,y,republican,republican,1,republican,1,republican,1,republican,1,republican,1,republican,1,republican,1,republican,1,republican,1,republican,1
211,n,n,y,n,n,n,y,y,y,n,y,n,n,n,y,y,democrat,democrat,1,democrat,1,democrat,1,democrat,1,democrat,1,democrat,1,democrat,1,democrat,1,democrat,1,democrat,1
212,n,y,y,n,n,y,n,y,y,n,y,n,y,n,y,y,democrat,democrat,1,democrat,1,democrat,1,democrat,1,democrat,1,democrat,1,democrat,1,democrat,1,democrat,1,democrat,1
213,y,y,n,y,y,y,n,n,n,y,n,y,y,y,n,y,republican,republican,1,republican,1,republican,1,republican,1,republican,1,republican,1,republican,1,republican,1,republican,1,republican,1
214,n,y,y,y,y,y,n,n,n,y,y,y,y,y,y,n,democrat,republican,0,republican,0,republican,0,republican,0,republican,0,republican,0,republican,0,republican,0,republican,0,republican,0
215,y,y,y,n,y,y,n,n,n,y,n,n,n,y,y,n,democrat,democrat,1,democrat,1,democrat,1,democrat,1,democrat,1,democrat,1,democrat,1,democrat,1,democrat,1,democrat,1
216,n,y,n,y,y,y,n,n,n,y,n,y,y,y,n,n,republican,republican,1,republican,1,republican,1,republican,1,republican,1,republican,1,republican,1,republican,1,republican,1,republican,1
217,y,n,y,n,n,n,y,y,y,n,n,n,n,n,y,n,democrat,democrat,1,democrat,1,democrat,1,democrat,1,democrat,1,democrat,1,democrat,1,democrat,1,democrat,1,democrat,1
218,n,y,y,n,n,n,n,y,y,n,y,n,n,y,y,y,democrat,democrat,1,democrat,1,democrat,1,democrat,1,democrat,1,democrat,1,democrat,1,democrat,1,democrat,1,democrat,1
219,n,n,y,n,n,n,y,y,y,n,n,n,n,n,y,n,democrat,democrat,1,democrat,1,democrat,1,democrat,1,democrat,1,democrat,1,democrat,1,democrat,1,democrat,1,democrat,1
220,n,y,y,n,y,y,n,n,n,n,y,n,n,n,y,n,democrat,democrat,1,democrat,1,democrat,1,democrat,1,democrat,1,democrat,1,democrat,1,democrat,1,democrat,1,democrat,1
221,y,n,y,n,n,n,y,y,y,n,y,n,n,n,y,n,democrat,democrat,1,democrat,1,democrat,1,democrat,1,democrat,1,democrat,1,democrat,1,democrat,1,democrat,1,democrat,1
222,n,n,n,y,y,n,n,n,n,n,n,y,y,y,n,y,republican,republican,1,republican,1,republican,1,republican,1,republican,1,republican,1,republican,1,republican,1,republican,1,republican,1
223,n,y,n,y,y,y,n,n,n,y,n,n,y,y,n,n,republican,republican,1,republican,1,republican,1,republican,1,republican,1,republican,1,republican,1,republican,1,republican,1,republican,1
224,n,n,n,y,y,y,n,n,n,n,n,y,y,y,n,y,republican,republican,1,republican,1,republican,1,republican,1,republican,1,republican,1,republican,1,republican,1,republican,1,republican,1
225,n,n,y,n,n,y,y,y,y,n,y,n,n,y,y,y,democrat,democrat,1,democrat,1,democrat,1,democrat,1,democrat,1,democrat,1,democrat,1,democrat,1,democrat,1,democrat,1
226,y,n,y,n,n,n,y,y,y,n,n,n,n,n,n,y,democrat,democrat,1,democrat,1,democrat,1,democrat,1,democrat,1,democrat,1,democrat,1,democrat,1,democrat,1,democrat,1
227,n,y,n,y,y,y,n,n,n,n,n,y,y,n,n,y,republican,republican,1,republican,1,republican,1,republican,1,republican,1,republican,1,republican,1,republican,1,republican,1,republican,1
228,n,y,y,y,y,y,y,n,y,y,n,y,y,y,n,y,republican,republican,1,republican,1,republican,1,republican,1,republican,1,republican,1,republican,1,republican,1,republican,1,republican,1
229,n,y,n,y,y,y,n,n,n,n,n,y,y,y,n,y,republican,republican,1,republican,1,republican,1,republican,1,republican,1,republican,1,republican,1,republican,1,republican,1,republican,1
230,n,y,n,y,y,y,n,n,y,y,n,y,y,y,n,y,republican,republican,1,republican,1,republican,1,republican,1,republican,1,republican,1,republican,1,republican,1,republican,1,republican,1
231,n,y,y,n,n,n,y,y,n,n,y,n,n,n,y,n,democrat,democrat,1,democrat,1,democrat,1,democrat,1,democrat,1,democrat,1,democrat,1,democrat,1,democrat,1,democrat,1
232,n,y,n,y,y,y,n,n,n,y,n,y,y,y,n,y,republican,republican,1,republican,1,republican,1,republican,1,republican,1,republican,1,republican,1,republican,1,republican,1,republican,1
233,n,n,y,n,n,y,y,y,y,y,n,y,n,y,y,n,democrat,democrat,1,democrat,1,democrat,1,democrat,1,democrat,1,democrat,1,democrat,1,democrat,1,democrat,1,democrat,1
234,n,n,n,y,y,y,n,n,n,y,n,y,n,y,n,y,republican,republican,1,republican,1,republican,1,republican,1,republican,1,republican,1,republican,1,republican,1,republican,1,republican,1
235,n,n,y,n,n,n,y,y,y,n,n,n,n,n,y,y,democrat,democrat,1,democrat,1,democrat,1,democrat,1,democrat,1,democrat,1,democrat,1,democrat,1,democrat,1,democrat,1
236,y,n,y,n,n,y,y,y,n,n,n,y,y,n,n,y,democrat,democrat,1,democrat,1,democrat,1,democrat,1,democrat,1,democrat,1,democrat,1,democrat,1,democrat,1,democrat,1
237,y,y,y,n,n,n,y,y,n,y,n,n,n,n,y,n,democrat,democrat,1,democrat,1,democrat,1,democrat,1,democrat,1,democrat,1,democrat,1,democrat,1,democrat,1,democrat,1
238,n,n,n,y,y,y,y,n,n,y,n,n,n,y,y,y,republican,republican,1,republican,1,republican,1,republican,1,republican,1,republican,1,republican,1,republican,1,republican,1,republican,1
239,n,n,n,y,n,y,y,n,y,n,n,y,y,y,n,y,republican,republican,1,republican,1,republican,1,republican,1,republican,1,republican,1,republican,1,republican,1,republican,1,republican,1
240,y,n,y,n,n,n,y,y,y,y,y,n,n,y,y,y,democrat,democrat,1,democrat,1,democrat,1,democrat,1,democrat,1,democrat,1,democrat,1,democrat,1,democrat,1,democrat,1
241,n,n,n,n,y,y,y,n,n,n,n,n,n,y,y,y,republican,democrat,0,democrat,0,democrat,0,democrat,0,democrat,0,democrat,0,democrat,0,democrat,0,democrat,0,democrat,0
242,n,y,y,n,n,n,y,y,n,y,n,n,y,n,y,y,democrat,democrat,1,democrat,1,democrat,1,democrat,1,democrat,1,democrat,1,democrat,1,democrat,1,democrat,1,democrat,1
243,y,n,y,n,n,n,n,y,y,y,n,n,n,n,y,y,democrat,democrat,1,democrat,1,democrat,1,democrat,1,democrat,1,democrat,1,democrat,1,democrat,1,democrat,1,democrat,1
244,y,n,y,n,n,n,y,y,y,y,y,n,n,n,y,y,democrat,democrat,1,democrat,1,democrat,1,democrat,1,democrat,1,democrat,1,democrat,1,democrat,1,democrat,1,democrat,1
245,n,n,y,n,y,n,y,y,y,n,n,n,n,y,n,y,democrat,democrat,1,democrat,1,democrat,1,democrat,1,democrat,1,democrat,1,democrat,1,democrat,1,democrat,1,democrat,1
246,n,y,n,y,y,y,n,n,n,n,n,n,y,y,n,n,republican,republican,1,republican,1,republican,1,republican,1,republican,1,republican,1,republican,1,republican,1,republican,1,republican,1
247,n,n,n,n,n,n,n,n,n,n,n,n,n,n,n,n,republican,democrat,0,democrat,0,democrat,0,democrat,0,democrat,0,democrat,0,democrat,0,democrat,0,democrat,0,democrat,0
248,y,n,y,n,n,n,y,y,n,n,y,n,n,n,y,y,democrat,democrat,1,democrat,1,democrat,1,democrat,1,democrat,1,democrat,1,democrat,1,democrat,1,democrat,1,democrat,1
249,n,y,n,y,y,y,n,n,n,n,n,y,y,y,n,n,republican,republican,1,republican,1,republican,1,republican,1,republican,1,republican,1,republican,1,republican,1,republican,1,republican,1
250,n,y,n,y,y,y,n,n,n,n,n,y,y,y,n,n,republican,republican,1,republican,1,republican,1,republican,1,republican,1,republican,1,republican,1,republican,1,republican,1,republican,1
251,y,y,y,n,n,y,y,y,y,n,n,n,n,n,y,y,democrat,democrat,1,democrat,1,democrat,1,democrat,1,democrat,1,democrat,1,democrat,1,democrat,1,democrat,1,democrat,1
252,n,y,n,y,y,y,n,n,n,n,n,y,y,y,n,y,republican,republican,1,republican,1,republican,1,republican,1,republican,1,republican,1,republican,1,republican,1,republican,1,republican,1
253,y,n,y,n,n,n,y,y,y,y,n,n,n,n,n,y,democrat,democrat,1,democrat,1,democrat,1,democrat,1,democrat,1,democrat,1,democrat,1,democrat,1,democrat,1,democrat,1
254,y,n,y,n,n,n,y,y,y,y,n,n,n,y,y,y,democrat,democrat,1,democrat,1,democrat,1,democrat,1,democrat,1,democrat,1,democrat,1,democrat,1,democrat,1,democrat,1
255,n,n,n,y,y,n,n,n,n,n,n,y,n,y,n,n,republican,republican,1,republican,1,republican,1,republican,1,republican,1,republican,1,republican,1,republican,1,republican,1,republican,1
256,n,n,n,y,y,n,n,n,n,n,n,y,n,y,n,y,republican,republican,1,republican,1,republican,1,republican,1,republican,1,republican,1,republican,1,republican,1,republican,1,republican,1
257,n,n,y,n,n,n,y,y,y,n,y,n,n,n,y,y,democrat,democrat,1,democrat,1,democrat,1,democrat,1,democrat,1,democrat,1,democrat,1,democrat,1,democrat,1,democrat,1
258,y,n,y,n,n,n,y,y,y,n,n,n,n,n,n,y,democrat,democrat,1,democrat,1,democrat,1,democrat,1,democrat,1,democrat,1,democrat,1,democrat,1,democrat,1,democrat,1
259,y,n,y,n,n,n,y,y,y,y,n,n,n,n,n,y,democrat,democrat,1,democrat,1,democrat,1,democrat,1,democrat,1,democrat,1,democrat,1,democrat,1,democrat,1,democrat,1
260,y,n,y,n,n,n,y,y,y,n,n,n,n,n,n,n,democrat,democrat,1,democrat,1,democrat,1,democrat,1,democrat,1,democrat,1,democrat,1,democrat,1,democrat,1,democrat,1
261,y,n,y,n,n,n,y,y,y,y,n,n,n,n,y,y,democrat,democrat,1,democrat,1,democrat,1,democrat,1,democrat,1,democrat,1,democrat,1,democrat,1,democrat,1,democrat,1
262,y,n,y,n,n,n,y,y,y,n,n,n,n,n,y,n,democrat,democrat,1,democrat,1,democrat,1,democrat,1,democrat,1,democrat,1,democrat,1,democrat,1,democrat,1,democrat,1
263,y,n,y,n,n,n,y,y,y,n,n,n,n,n,y,n,democrat,democrat,1,democrat,1,democrat,1,democrat,1,democrat,1,democrat,1,democrat,1,democrat,1,democrat,1,democrat,1
264,y,n,y,n,n,n,y,y,y,y,n,n,n,n,n,y,democrat,democrat,1,democrat,1,democrat,1,democrat,1,democrat,1,democrat,1,democrat,1,democrat,1,democrat,1,democrat,1
265,n,n,n,y,y,y,n,n,n,y,n,y,n,y,n,y,republican,republican,1,republican,1,republican,1,republican,1,republican,1,republican,1,republican,1,republican,1,republican,1,republican,1
266,y,n,n,n,n,n,y,y,y,y,n,n,n,y,n,y,republican,democrat,0,democrat,0,democrat,0,democrat,0,democrat,0,democrat,0,democrat,0,democrat,0,democrat,0,democrat,0
267,y,n,y,n,n,n,y,y,y,n,n,n,n,n,y,n,democrat,democrat,1,democrat,1,democrat,1,democrat,1,democrat,1,democrat,1,democrat,1,democrat,1,democrat,1,democrat,1
268,y,n,y,n,n,n,y,y,y,n,n,n,n,n,n,y,democrat,democrat,1,democrat,1,democrat,1,democrat,1,democrat,1,democrat,1,democrat,1,democrat,1,democrat,1,democrat,1
269,y,y,y,n,n,n,y,y,y,n,n,n,n,n,y,y,democrat,democrat,1,democrat,1,democrat,1,democrat,1,democrat,1,democrat,1,democrat,1,democrat,1,democrat,1,democrat,1
270,n,y,y,n,n,y,y,y,y,n,n,n,n,n,n,y,democrat,democrat,1,democrat,1,democrat,1,democrat,1,democrat,1,democrat,1,democrat,1,democrat,1,democrat,1,democrat,1
271,y,n,y,n,n,n,y,y,y,y,n,n,n,n,y,n,democrat,democrat,1,democrat,1,democrat,1,democrat,1,democrat,1,democrat,1,democrat,1,democrat,1,democrat,1,democrat,1
272,n,n,n,y,y,n,y,y,n,y,n,y,y,y,n,y,republican,republican,1,republican,1,republican,1,republican,1,republican,1,republican,1,republican,1,republican,1,republican,1,republican,1
273,y,n,n,y,y,n,y,n,n,y,n,n,n,y,y,y,republican,republican,1,republican,1,republican,1,republican,1,republican,1,republican,1,republican,1,republican,1,republican,1,republican,1
274,n,n,y,n,y,y,n,n,n,n,n,n,y,y,n,n,democrat,republican,0,republican,0,republican,0,republican,0,republican,0,republican,0,republican,0,republican,0,republican,0,republican,0
275,n,n,n,y,y,y,n,n,n,n,n,y,y,y,y,n,republican,republican,1,republican,1,republican,1,republican,1,republican,1,republican,1,republican,1,republican,1,republican,1,republican,1
276,n,n,y,y,y,y,y,y,n,y,n,n,n,y,n,y,republican,republican,1,republican,1,republican,1,republican,1,republican,1,republican,1,republican,1,republican,1,republican,1,republican,1
277,n,n,n,y,y,y,n,n,n,n,n,y,y,y,n,y,republican,republican,1,republican,1,republican,1,republican,1,republican,1,republican,1,republican,1,republican,1,republican,1,republican,1
278,n,n,n,y,y,y,n,n,n,y,n,y,y,y,n,n,republican,republican,1,republican,1,republican,1,republican,1,republican,1,republican,1,republican,1,republican,1,republican,1,republican,1
279,n,n,y,n,n,n,y,y,y,y,n,n,n,y,n,y,democrat,democrat,1,democrat,1,democrat,1,democrat,1,democrat,1,democrat,1,democrat,1,democrat,1,democrat,1,democrat,1
280,y,n,y,y,y,y,y,y,n,n,n,n,n,y,n,n,republican,democrat,0,democrat,0,democrat,0,democrat,0,democrat,0,democrat,0,democrat,0,democrat,0,democrat,0,democrat,0
281,y,n,n,y,y,y,n,n,n,y,n,n,y,y,n,n,republican,republican,1,republican,1,republican,1,republican,1,republican,1,republican,1,republican,1,republican,1,republican,1,republican,1
282,n,n,n,y,y,y,n,n,n,n,n,y,y,y,n,y,republican,republican,1,republican,1,republican,1,republican,1,republican,1,republican,1,republican,1,republican,1,republican,1,republican,1
283,n,n,y,n,n,y,y,y,y,y,y,n,n,n,n,y,democrat,democrat,1,democrat,1,democrat,1,democrat,1,democrat,1,democrat,1,democrat,1,democrat,1,democrat,1,democrat,1
284,n,n,y,n,n,y,y,y,y,y,y,n,n,n,y,y,democrat,democrat,1,democrat,1,democrat,1,democrat,1,democrat,1,democrat,1,democrat,1,democrat,1,democrat,1,democrat,1
285,n,n,y,n,n,y,n,y,n,y,y,y,n,y,y,n,democrat,democrat,1,democrat,1,democrat,1,democrat,1,democrat,1,democrat,1,democrat,1,democrat,1,democrat,1,democrat,1
286,y,y,y,n,n,y,y,y,y,n,y,n,y,n,n,y,democrat,democrat,1,democrat,1,democrat,1,democrat,1,democrat,1,democrat,1,democrat,1,democrat,1,democrat,1,democrat,1
287,y,y,y,n,y,y,n,y,n,y,y,n,y,y,y,y,democrat,democrat,1,democrat,1,democrat,1,democrat,1,democrat,1,democrat,1,democrat,1,democrat,1,democrat,1,democrat,1
288,y,y,y,n,y,y,n,y,n,y,y,n,y,y,n,n,democrat,democrat,1,democrat,1,democrat,1,democrat,1,democrat,1,democrat,1,democrat,1,democrat,1,democrat,1,democrat,1
289,y,n,y,n,n,y,n,y,y,y,n,n,y,y,n,y,democrat,democrat,1,democrat,1,democrat,1,democrat,1,democrat,1,democrat,1,democrat,1,democrat,1,democrat,1,democrat,1
290,y,n,y,n,n,y,y,y,y,y,n,n,n,y,n,y,democrat,democrat,1,democrat,1,democrat,1,democrat,1,democrat,1,democrat,1,democrat,1,democrat,1,democrat,1,democrat,1
291,y,n,y,n,n,y,y,y,n,y,y,n,y,y,y,y,democrat,democrat,1,democrat,1,democrat,1,democrat,1,democrat,1,democrat,1,democrat,1,democrat,1,democrat,1,democrat,1
292,y,y,y,n,n,y,y,y,y,y,y,n,y,y,y,y,democrat,democrat,1,democrat,1,democrat,1,democrat,1,democrat,1,democrat,1,democrat,1,democrat,1,democrat,1,democrat,1
293,n,y,y,n,n,y,y,y,n,y,y,n,y,y,n,n,democrat,democrat,1,democrat,1,democrat,1,democrat,1,democrat,1,democrat,1,democrat,1,democrat,1,democrat,1,democrat,1
294,n,y,n,y,y,y,n,n,n,y,n,y,n,n,n,n,republican,republican,1,republican,1,republican,1,republican,1,republican,1,republican,1,republican,1,republican,1,republican,1,republican,1
295,n,n,y,y,y,y,n,n,n,y,n,y,y,y,y,y,republican,republican,1,republican,1,republican,1,republican,1,republican,1,republican,1,republican,1,republican,1,republican,1,republican,1
296,y,y,y,n,n,y,y,y,y,y,n,n,n,n,y,n,democrat,democrat,1,democrat,1,democrat,1,democrat,1,democrat,1,democrat,1,democrat,1,democrat,1,democrat,1,democrat,1
297,n,y,n,n,n,n,y,y,y,y,y,n,n,n,y,y,democrat,democrat,1,democrat,1,democrat,1,democrat,1,democrat,1,democrat,1,democrat,1,democrat,1,democrat,1,democrat,1
298,n,y,y,n,n,y,y,y,y,y,n,n,y,y,y,y,democrat,democrat,1,democrat,1,democrat,1,democrat,1,democrat,1,democrat,1,democrat,1,democrat,1,democrat,1,democrat,1
299,n,n,n,y,y,n,y,y,y,y,n,y,y,y,n,y,republican,republican,1,republican,1,republican,1,republican,1,republican,1,republican,1,republican,1,republican,1,republican,1,republican,1
300,n,n,n,n,n,y,y,y,y,n,n,n,n,n,y,y,democrat,democrat,1,democrat,1,democrat,1,democrat,1,democrat,1,democrat,1,democrat,1,democrat,1,democrat,1,democrat,1
301,n,n,n,y,y,y,y,n,n,y,n,y,y,y,n,y,republican,republican,1,republican,1,republican,1,republican,1,republican,1,republican,1,republican,1,republican,1,republican,1,republican,1
302,n,n,n,y,y,y,n,n,n,n,n,y,y,y,n,n,republican,republican,1,republican,1,republican,1,republican,1,republican,1,republican,1,republican,1,republican,1,republican,1,republican,1
303,n,y,n,y,y,y,n,n,n,y,n,y,y,y,n,n,republican,republican,1,republican,1,republican,1,republican,1,republican,1,republican,1,republican,1,republican,1,republican,1,republican,1
304,n,n,n,y,y,y,n,n,n,y,n,y,y,y,n,n,republican,republican,1,republican,1,republican,1,republican,1,republican,1,republican,1,republican,1,republican,1,republican,1,republican,1
305,n,n,n,y,y,y,n,n,n,n,n,y,y,y,n,n,republican,republican,1,republican,1,republican,1,republican,1,republican,1,republican,1,republican,1,republican,1,republican,1,republican,1
306,y,n,y,n,n,y,y,y,y,n,n,n,n,y,n,n,democrat,democrat,1,democrat,1,democrat,1,democrat,1,democrat,1,democrat,1,democrat,1,democrat,1,democrat,1,democrat,1
307,n,n,n,y,y,y,n,n,n,y,n,y,y,y,n,n,republican,republican,1,republican,1,republican,1,republican,1,republican,1,republican,1,republican,1,republican,1,republican,1,republican,1
308,y,n,n,n,n,y,y,y,y,y,n,n,n,y,y,y,democrat,democrat,1,democrat,1,democrat,1,democrat,1,democrat,1,democrat,1,democrat,1,democrat,1,democrat,1,democrat,1
309,n,n,n,y,y,y,n,n,n,y,n,y,y,y,y,n,republican,republican,1,republican,1,republican,1,republican,1,republican,1,republican,1,republican,1,republican,1,republican,1,republican,1
310,n,n,y,n,n,y,y,y,y,y,n,n,y,n,n,y,democrat,democrat,1,democrat,1,democrat,1,democrat,1,democrat,1,democrat,1,democrat,1,democrat,1,democrat,1,democrat,1
311,y,y,y,n,n,n,y,y,y,y,n,n,n,n,y,y,democrat,democrat,1,democrat,1,democrat,1,democrat,1,democrat,1,democrat,1,democrat,1,democrat,1,democrat,1,democrat,1
312,n,y,y,y,y,y,n,n,n,y,n,y,y,y,n,y,republican,republican,1,republican,1,republican,1,republican,1,republican,1,republican,1,republican,1,republican,1,republican,1,republican,1
313,n,y,n,y,y,y,y,y,n,n,y,y,y,y,y,y,republican,republican,1,republican,1,republican,1,republican,1,republican,1,republican,1,republican,1,republican,1,republican,1,republican,1
314,n,y,y,y,y,y,y,n,n,n,n,n,n,n,y,n,republican,democrat,0,democrat,0,democrat,0,democrat,0,democrat,0,democrat,0,democrat,0,democrat,0,democrat,0,democrat,0
315,n,n,n,n,n,y,n,y,y,n,y,y,y,y,y,n,democrat,democrat,1,democrat,1,democrat,1,democrat,1,democrat,1,democrat,1,democrat,1,democrat,1,democrat,1,democrat,1
316,y,n,n,n,n,n,y,y,y,y,n,n,n,n,y,y,democrat,democrat,1,democrat,1,democrat,1,democrat,1,democrat,1,democrat,1,democrat,1,democrat,1,democrat,1,democrat,1
317,n,n,y,n,n,n,y,y,y,n,n,n,n,n,y,n,democrat,democrat,1,democrat,1,democrat,1,democrat,1,democrat,1,democrat,1,democrat,1,democrat,1,democrat,1,democrat,1
318,y,n,y,n,n,n,y,y,y,n,n,n,n,n,y,n,democrat,democrat,1,democrat,1,democrat,1,democrat,1,democrat,1,democrat,1,democrat,1,democrat,1,democrat,1,democrat,1
319,n,y,y,n,n,y,n,y,y,y,n,n,y,y,n,y,democrat,democrat,1,democrat,1,democrat,1,democrat,1,democrat,1,democrat,1,democrat,1,democrat,1,democrat,1,democrat,1
320,y,y,y,n,n,n,y,y,y,y,n,n,y,n,n,y,democrat,democrat,1,democrat,1,democrat,1,democrat,1,democrat,1,democrat,1,democrat,1,democrat,1,democrat,1,democrat,1
321,y,y,y,n,n,y,n,n,n,n,y,n,y,y,n,n,democrat,democrat,1,democrat,1,democrat,1,democrat,1,democrat,1,democrat,1,democrat,1,democrat,1,democrat,1,democrat,1
322,y,y,y,n,y,y,n,y,n,y,n,n,y,y,n,n,democrat,democrat,1,democrat,1,democrat,1,democrat,1,democrat,1,democrat,1,democrat,1,democrat,1,democrat,1,democrat,1
323,n,y,n,y,y,y,n,n,n,n,y,y,y,y,n,n,republican,republican,1,republican,1,republican,1,republican,1,republican,1,republican,1,republican,1,republican,1,republican,1,republican,1
324,n,y,n,n,y,y,n,n,n,n,n,y,y,y,n,y,democrat,republican,0,republican,0,republican,0,republican,0,republican,0,republican,0,republican,0,republican,0,republican,0,republican,0
325,y,y,n,y,n,n,y,y,y,n,y,n,n,y,n,y,democrat,democrat,1,democrat,1,democrat,1,democrat,1,democrat,1,democrat,1,democrat,1,democrat,1,democrat,1,democrat,1
326,n,y,n,y,y,y,n,n,n,n,n,y,y,y,n,y,republican,republican,1,republican,1,republican,1,republican,1,republican,1,republican,1,republican,1,republican,1,republican,1,republican,1
327,y,y,y,n,n,n,y,y,y,n,y,n,n,n,n,y,democrat,democrat,1,democrat,1,democrat,1,democrat,1,democrat,1,democrat,1,democrat,1,democrat,1,democrat,1,democrat,1
328,y,n,y,n,n,y,y,y,y,y,n,n,n,n,y,n,democrat,democrat,1,democrat,1,democrat,1,democrat,1,democrat,1,democrat,1,democrat,1,democrat,1,democrat,1,democrat,1
329,n,y,n,y,y,y,n,n,n,y,n,y,y,y,n,n,republican,republican,1,republican,1,republican,1,republican,1,republican,1,republican,1,republican,1,republican,1,republican,1,republican,1
330,y,n,y,n,n,n,y,y,y,n,n,n,n,n,y,n,democrat,democrat,1,democrat,1,democrat,1,democrat,1,democrat,1,democrat,1,democrat,1,democrat,1,democrat,1,democrat,1
331,y,n,y,n,n,n,y,y,y,n,y,n,n,n,y,n,democrat,democrat,1,democrat,1,democrat,1,democrat,1,democrat,1,democrat,1,democrat,1,democrat,1,democrat,1,democrat,1
332,n,n,y,n,n,n,y,y,y,n,n,n,n,n,y,y,democrat,democrat,1,democrat,1,democrat,1,democrat,1,democrat,1,democrat,1,democrat,1,democrat,1,democrat,1,democrat,1
333,n,y,y,n,n,y,y,y,n,n,y,y,n,n,y,y,democrat,democrat,1,democrat,1,democrat,1,democrat,1,democrat,1,democrat,1,democrat,1,democrat,1,democrat,1,democrat,1
334,n,n,n,y,y,y,n,n,n,y,y,y,y,y,n,n,republican,republican,1,republican,1,republican,1,republican,1,republican,1,republican,1,republican,1,republican,1,republican,1,republican,1
335,n,n,y,n,n,y,y,y,n,n,y,n,n,y,n,y,democrat,democrat,1,democrat,1,democrat,1,democrat,1,democrat,1,democrat,1,democrat,1,democrat,1,democrat,1,democrat,1
336,y,n,y,n,n,n,y,y,y,n,n,n,n,n,y,y,democrat,democrat,1,democrat,1,democrat,1,democrat,1,democrat,1,democrat,1,democrat,1,democrat,1,democrat,1,democrat,1
337,y,n,y,n,n,n,y,y,y,y,n,n,n,y,y,y,democrat,democrat,1,democrat,1,democrat,1,democrat,1,democrat,1,democrat,1,democrat,1,democrat,1,democrat,1,democrat,1
338,y,n,n,y,y,y,n,n,n,n,y,y,y,y,n,n,republican,republican,1,republican,1,republican,1,republican,1,republican,1,republican,1,republican,1,republican,1,republican,1,republican,1
339,n,n,n,y,y,y,n,n,n,y,y,y,n,y,n,y,republican,republican,1,republican,1,republican,1,republican,1,republican,1,republican,1,republican,1,republican,1,republican,1,republican,1
340,n,n,y,n,n,y,y,y,y,y,y,n,n,n,y,y,democrat,democrat,1,democrat,1,democrat,1,democrat,1,democrat,1,democrat,1,democrat,1,democrat,1,democrat,1,democrat,1
341,n,y,y,n,y,n,y,n,n,y,y,n,y,n,y,y,democrat,democrat,1,democrat,1,democrat,1,democrat,1,democrat,1,democrat,1,democrat,1,democrat,1,democrat,1,democrat,1
342,n,n,n,y,y,n,y,n,y,y,n,n,n,y,n,y,republican,republican,1,republican,1,republican,1,republican,1,republican,1,republican,1,republican,1,republican,1,republican,1,republican,1
343,n,n,y,n,n,n,y,y,y,y,y,n,n,n,y,y,democrat,democrat,1,democrat,1,democrat,1,democrat,1,democrat,1,democrat,1,democrat,1,democrat,1,democrat,1,democrat,1
344,n,n,n,y,y,y,y,n,n,y,n,y,n,y,y,y,republican,republican,1,republican,1,republican,1,republican,1,republican,1,republican,1,republican,1,republican,1,republican,1,republican,1
345,n,n,n,y,y,y,n,n,n,y,n,y,y,y,n,y,republican,republican,1,republican,1,republican,1,republican,1,republican,1,republican,1,republican,1,republican,1,republican,1,republican,1
346,y,n,n,y,y,y,n,n,n,y,n,y,y,y,n,n,republican,republican,1,republican,1,republican,1,republican,1,republican,1,republican,1,republican,1,republican,1,republican,1,republican,1
347,y,n,y,n,n,n,y,y,y,y,n,y,n,n,y,n,democrat,democrat,1,democrat,1,democrat,1,democrat,1,democrat,1,democrat,1,democrat,1,democrat,1,democrat,1,democrat,1
348,n,y,y,y,y,y,y,y,y,n,n,y,y,y,n,y,republican,republican,1,republican,1,republican,1,republican,1,republican,1,republican,1,republican,1,republican,1,republican,1,republican,1
349,n,y,n,n,n,y,y,n,y,n,y,n,n,n,y,y,democrat,democrat,1,democrat,1,democrat,1,democrat,1,democrat,1,democrat,1,democrat,1,democrat,1,democrat,1,democrat,1
350,n,n,y,y,y,y,y,y,y,y,n,y,y,y,y,y,republican,republican,1,republican,1,republican,1,republican,1,republican,1,republican,1,republican,1,republican,1,republican,1,republican,1
351,n,y,n,y,n,y,y,y,y,n,y,n,y,n,y,n,democrat,democrat,1,democrat,1,democrat,1,democrat,1,democrat,1,democrat,1,democrat,1,democrat,1,democrat,1,democrat,1
352,n,n,y,y,y,y,y,n,n,y,y,y,y,y,n,y,republican,republican,1,republican,1,republican,1,republican,1,republican,1,republican,1,republican,1,republican,1,republican,1,republican,1
353,n,y,y,n,n,y,y,y,y,y,n,n,n,n,y,y,democrat,democrat,1,democrat,1,democrat,1,democrat,1,democrat,1,democrat,1,democrat,1,democrat,1,democrat,1,democrat,1
354,y,n,y,y,n,n,n,y,y,y,n,n,n,y,y,y,republican,democrat,0,democrat,0,democrat,0,democrat,0,democrat,0,democrat,0,democrat,0,democrat,0,democrat,0,democrat,0
355,n,n,n,y,y,y,n,n,n,n,n,y,y,y,n,n,republican,republican,1,republican,1,republican,1,republican,1,republican,1,republican,1,republican,1,republican,1,republican,1,republican,1
356,n,n,n,y,y,y,n,n,n,n,n,y,y,y,n,n,republican,republican,1,republican,1,republican,1,republican,1,republican,1,republican,1,republican,1,republican,1,republican,1,republican,1
357,y,y,y,n,n,y,y,y,y,y,y,y,y,y,n,n,democrat,democrat,1,democrat,1,democrat,1,democrat,1,democrat,1,democrat,1,democrat,1,democrat,1,democrat,1,democrat,1
358,n,n,n,y,y,y,n,n,n,y,n,y,y,y,n,y,republican,republican,1,republican,1,republican,1,republican,1,republican,1,republican,1,republican,1,republican,1,republican,1,republican,1
359,y,n,y,n,n,y,y,y,y,y,n,n,y,n,n,y,democrat,democrat,1,democrat,1,democrat,1,democrat,1,democrat,1,democrat,1,democrat,1,democrat,1,democrat,1,democrat,1
360,y,n,y,n,y,y,y,n,y,y,n,n,y,y,n,n,democrat,democrat,1,democrat,1,democrat,1,democrat,1,democrat,1,democrat,1,democrat,1,democrat,1,democrat,1,democrat,1
361,y,y,y,n,n,y,y,y,y,y,y,y,y,n,n,y,democrat,democrat,1,democrat,1,democrat,1,democrat,1,democrat,1,democrat,1,democrat,1,democrat,1,democrat,1,democrat,1
362,y,y,n,y,y,y,n,n,n,y,y,n,y,n,n,n,republican,republican,1,republican,1,republican,1,republican,1,republican,1,republican,1,republican,1,republican,1,republican,1,republican,1
363,y,y,n,y,y,y,n,n,n,n,y,n,y,y,n,y,republican,republican,1,republican,1,republican,1,republican,1,republican,1,republican,1,republican,1,republican,1,republican,1,republican,1
364,n,y,n,n,y,y,n,n,n,y,y,n,y,y,n,n,democrat,republican,0,republican,0,republican,0,republican,0,republican,0,republican,0,republican,0,republican,0,republican,0,republican,0
365,y,n,y,n,n,n,y,y,n,y,y,n,n,n,n,n,democrat,democrat,1,democrat,1,democrat,1,democrat,1,democrat,1,democrat,1,democrat,1,democrat,1,democrat,1,democrat,1
366,y,y,y,n,y,y,y,y,n,y,y,n,n,n,y,n,democrat,democrat,1,democrat,1,democrat,1,democrat,1,democrat,1,democrat,1,democrat,1,democrat,1,democrat,1,democrat,1
367,n,y,y,n,n,y,y,y,n,y,n,n,n,n,y,y,democrat,democrat,1,democrat,1,democrat,1,democrat,1,democrat,1,democrat,1,democrat,1,democrat,1,democrat,1,democrat,1
368,n,y,n,y,y,y,n,n,n,n,n,n,y,y,n,y,republican,republican,1,republican,1,republican,1,republican,1,republican,1,republican,1,republican,1,republican,1,republican,1,republican,1
369,y,y,y,n,n,y,y,y,n,y,n,n,n,n,y,y,democrat,democrat,1,democrat,1,democrat,1,democrat,1,democrat,1,democrat,1,democrat,1,democrat,1,democrat,1,democrat,1
370,y,y,y,n,n,n,y,y,y,y,n,n,n,n,y,n,democrat,democrat,1,democrat,1,democrat,1,democrat,1,democrat,1,democrat,1,democrat,1,democrat,1,democrat,1,democrat,1
371,n,y,y,y,y,y,n,n,n,n,y,y,n,y,n,n,democrat,republican,0,republican,0,republican,0,republican,0,republican,0,republican,0,republican,0,republican,0,republican,0,republican,0
372,n,y,y,n,y,y,n,y,n,y,n,n,y,y,n,y,democrat,democrat,1,democrat,1,democrat,1,democrat,1,democrat,1,democrat,1,democrat,1,democrat,1,democrat,1,democrat,1
373,n,y,n,y,y,y,n,n,n,n,n,y,y,y,n,y,republican,republican,1,republican,1,republican,1,republican,1,republican,1,republican,1,republican,1,republican,1,republican,1,republican,1
374,n,y,n,y,y,y,n,n,n,n,y,y,n,y,n,n,democrat,republican,0,republican,0,republican,0,republican,0,republican,0,republican,0,republican,0,republican,0,republican,0,republican,0
375,y,n,y,n,n,n,y,y,y,n,y,n,n,n,y,y,democrat,democrat,1,democrat,1,democrat,1,democrat,1,democrat,1,democrat,1,democrat,1,democrat,1,democrat,1,democrat,1
376,n,y,n,y,y,y,n,n,n,n,n,n,y,n,n,n,republican,republican,1,republican,1,republican,1,republican,1,republican,1,republican,1,republican,1,republican,1,republican,1,republican,1
377,n,n,n,y,y,y,n,n,n,n,n,y,y,y,n,y,republican,republican,1,republican,1,republican,1,republican,1,republican,1,republican,1,republican,1,republican,1,republican,1,republican,1
378,n,n,n,y,y,y,n,n,n,n,n,y,y,y,n,y,republican,republican,1,republican,1,republican,1,republican,1,republican,1,republican,1,republican,1,republican,1,republican,1,republican,1
379,y,y,y,n,n,y,n,y,y,n,y,n,y,n,y,y,democrat,democrat,1,democrat,1,democrat,1,democrat,1,democrat,1,democrat,1,democrat,1,democrat,1,democrat,1,democrat,1
380,y,y,y,n,y,y,y,y,y,y,y,n,y,y,n,n,democrat,democrat,1,democrat,1,democrat,1,democrat,1,democrat,1,democrat,1,democrat,1,democrat,1,democrat,1,democrat,1
381,y,y,n,y,y,y,n,n,n,n,y,n,y,y,n,n,democrat,republican,0,republican,0,republican,0,republican,0,republican,0,republican,0,republican,0,republican,0,republican,0,republican,0
382,y,y,y,n,y,y,n,y,y,y,y,n,n,n,n,y,democrat,democrat,1,democrat,1,democrat,1,democrat,1,democrat,1,democrat,1,democrat,1,democrat,1,democrat,1,democrat,1
383,y,y,y,y,y,y,n,n,n,n,y,y,y,y,n,y,democrat,republican,0,republican,0,republican,0,republican,0,republican,0,republican,0,republican,0,republican,0,republican,0,republican,0
384,y,y,n,n,y,y,n,n,n,n,y,y,y,y,y,n,democrat,republican,0,republican,0,republican,0,republican,0,republican,0,republican,0,republican,0,republican,0,republican,0,republican,0
385,n,n,y,n,y,y,n,y,n,n,y,n,n,n,n,n,democrat,democrat,1,democrat,1,democrat,1,democrat,1,democrat,1,democrat,1,democrat,1,democrat,1,democrat,1,democrat,1
386,y,y,y,n,y,y,n,y,y,n,y,n,n,y,n,n,democrat,democrat,1,democrat,1,democrat,1,democrat,1,democrat,1,democrat,1,democrat,1,democrat,1,democrat,1,democrat,1
387,n,y,y,y,y,y,n,n,n,n,n,y,y,y,n,n,democrat,republican,0,republican,0,republican,0,republican,0,republican,0,republican,0,republican,0,republican,0,republican,0,republican,0
388,y,n,y,n,n,n,y,y,y,n,y,n,n,n,y,n,democrat,democrat,1,democrat,1,democrat,1,democrat,1,democrat,1,democrat,1,democrat,1,democrat,1,democrat,1,democrat,1
389,n,n,n,n,n,y,n,n,n,n,y,y,n,y,n,n,democrat,republican,0,republican,0,republican,0,republican,0,republican,0,republican,0,republican,0,republican,0,republican,0,republican,0
390,y,y,n,n,n,n,n,y,y,n,y,n,n,n,y,n,democrat,democrat,1,democrat,1,democrat,1,democrat,1,democrat,1,democrat,1,democrat,1,democrat,1,democrat,1,democrat,1
391,y,y,n,y,y,y,n,n,n,n,y,y,y,y,n,y,republican,republican,1,republican,1,republican,1,republican,1,republican,1,republican,1,republican,1,republican,1,republican,1,republican,1
392,n,n,n,n,n,y,n,y,y,n,n,y,y,n,n,n,republican,democrat,0,democrat,0,democrat,0,democrat,0,democrat,0,democrat,0,democrat,0,democrat,0,democrat,0,democrat,0
393,y,y,n,n,n,y,n,n,n,n,y,n,y,n,n,y,democrat,democrat,1,democrat,1,democrat,1,democrat,1,democrat,1,democrat,1,democrat,1,democrat,1,democrat,1,democrat,1
394,y,y,y,n,n,n,n,y,n,n,y,n,n,n,y,y,democrat,democrat,1,democrat,1,democrat,1,democrat,1,democrat,1,democrat,1,democrat,1,democrat,1,democrat,1,democrat,1
395,y,y,y,n,y,y,n,y,n,n,y,n,y,n,y,y,democrat,democrat,1,democrat,1,democrat,1,democrat,1,democrat,1,democrat,1,democrat,1,democrat,1,democrat,1,democrat,1
396,y,y,n,n,y,n,n,n,n,n,y,n,y,y,n,y,democrat,democrat,1,republican,0,republican,0,republican,0,democrat,1,democrat,1,democrat,1,democrat,1,republican,0,republican,0
397,n,y,y,n,y,y,n,y,n,n,n,n,n,n,n,y,democrat,democrat,1,democrat,1,democrat,1,democrat,1,democrat,1,democrat,1,democrat,1,democrat,1,democrat,1,democrat,1
398,n,y,n,y,n,y,n,n,n,y,n,y,y,y,n,n,republican,republican,1,republican,1,republican,1,republican,1,republican,1,republican,1,republican,1,republican,1,republican,1,republican,1
399,n,y,n,y,y,y,n,n,n,n,n,n,n,y,n,n,republican,republican,1,republican,1,republican,1,republican,1,republican,1,republican,1,republican,1,republican,1,republican,1,republican,1
400,n,y,n,y,y,y,n,n,n,y,y,y,y,y,n,n,republican,republican,1,republican,1,republican,1,republican,1,republican,1,republican,1,republican,1,republican,1,republican,1,republican,1
401,n,n,y,y,n,y,y,y,y,y,n,y,n,y,n,y,republican,democrat,0,democrat,0,democrat,0,democrat,0,democrat,0,democrat,0,democrat,0,democrat,0,democrat,0,democrat,0
402,n,y,n,y,y,y,n,n,n,y,n,y,n,y,n,n,republican,republican,1,republican,1,republican,1,republican,1,republican,1,republican,1,republican,1,republican,1,republican,1,republican,1
403,y,y,n,y,y,y,n,n,n,y,n,y,y,y,n,y,republican,republican,1,republican,1,republican,1,republican,1,republican,1,republican,1,republican,1,republican,1,republican,1,republican,1
404,n,n,n,y,y,y,n,n,n,n,n,y,y,y,n,y,republican,republican,1,republican,1,republican,1,republican,1,republican,1,republican,1,republican,1,republican,1,republican,1,republican,1
405,y,n,y,n,y,y,n,n,y,y,n,n,y,y,n,y,democrat,democrat,1,democrat,1,democrat,1,democrat,1,democrat,1,democrat,1,democrat,1,democrat,1,democrat,1,democrat,1
406,n,n,n,y,y,y,n,n,n,n,y,y,y,y,n,n,democrat,republican,0,republican,0,republican,0,republican,0,republican,0,republican,0,republican,0,republican,0,republican,0,republican,0
407,y,n,y,n,n,y,y,y,y,n,n,y,n,y,y,y,democrat,democrat,1,democrat,1,democrat,1,democrat,1,democrat,1,democrat,1,democrat,1,democrat,1,democrat,1,democrat,1
408,n,n,n,y,y,y,n,n,n,n,n,y,y,y,n,n,republican,republican,1,republican,1,republican,1,republican,1,republican,1,republican,1,republican,1,republican,1,republican,1,republican,1
409,n,n,n,y,y,y,n,n,n,n,y,y,y,y,n,y,republican,republican,1,republican,1,republican,1,republican,1,republican,1,republican,1,republican,1,republican,1,republican,1,republican,1
410,y,n,y,n,n,y,y,y,y,y,y,n,n,n,n,y,democrat,democrat,1,democrat,1,democrat,1,democrat,1,democrat,1,democrat,1,democrat,1,democrat,1,democrat,1,democrat,1
411,n,n,n,y,y,y,n,n,n,y,n,y,y,y,n,y,republican,republican,1,republican,1,republican,1,republican,1,republican,1,republican,1,republican,1,republican,1,republican,1,republican,1
412,y,y,y,y,y,y,y,y,n,y,n,n,n,y,n,y,republican,democrat,0,democrat,0,democrat,0,democrat,0,democrat,0,democrat,0,democrat,0,democrat,0,democrat,0,democrat,0
413,y,y,y,n,n,n,y,y,y,n,n,n,n,n,n,y,democrat,democrat,1,democrat,1,democrat,1,democrat,1,democrat,1,democrat,1,democrat,1,democrat,1,democrat,1,democrat,1
414,n,y,y,n,n,y,y,y,n,y,n,n,n,n,n,y,democrat,democrat,1,democrat,1,democrat,1,democrat,1,democrat,1,democrat,1,democrat,1,democrat,1,democrat,1,democrat,1
415,y,y,n,y,y,y,n,n,n,y,n,n,y,y,n,y,republican,republican,1,republican,1,republican,1,republican,1,republican,1,republican,1,republican,1,republican,1,republican,1,republican,1
416,y,y,y,n,n,n,y,y,y,y,y,n,y,n,n,y,democrat,democrat,1,democrat,1,democrat,1,democrat,1,democrat,1,democrat,1,democrat,1,democrat,1,democrat,1,democrat,1
417,y,y,y,n,n,n,y,y,n,y,n,n,n,n,n,y,democrat,democrat,1,democrat,1,democrat,1,democrat,1,democrat,1,democrat,1,democrat,1,democrat,1,democrat,1,democrat,1
418,y,y,y,n,n,n,y,y,y,n,n,n,n,n,n,y,democrat,democrat,1,democrat,1,democrat,1,democrat,1,democrat,1,democrat,1,democrat,1,democrat,1,democrat,1,democrat,1
419,y,y,y,y,y,y,y,y,n,y,n,n,y,y,n,y,republican,republican,1,republican,1,republican,1,republican,1,republican,1,republican,1,republican,1,republican,1,republican,1,republican,1
420,n,y,y,n,y,y,y,y,n,n,y,n,y,n,y,y,democrat,democrat,1,democrat,1,democrat,1,democrat,1,democrat,1,democrat,1,democrat,1,democrat,1,democrat,1,democrat,1
421,n,n,y,n,n,y,y,y,y,n,y,n,n,n,y,y,democrat,democrat,1,democrat,1,democrat,1,democrat,1,democrat,1,democrat,1,democrat,1,democrat,1,democrat,1,democrat,1
422,n,y,y,n,n,y,y,y,y,n,y,n,n,y,y,y,democrat,democrat,1,democrat,1,democrat,1,democrat,1,democrat,1,democrat,1,democrat,1,democrat,1,democrat,1,democrat,1
423,n,y,y,n,n,n,y,y,y,y,y,n,n,y,y,y,democrat,democrat,1,democrat,1,democrat,1,democrat,1,democrat,1,democrat,1,democrat,1,democrat,1,democrat,1,democrat,1
424,n,n,y,n,n,n,y,y,n,y,y,n,n,n,y,n,democrat,democrat,1,democrat,1,democrat,1,democrat,1,democrat,1,democrat,1,democrat,1,democrat,1,democrat,1,democrat,1
425,y,n,y,n,n,n,y,y,y,y,n,n,n,n,y,y,democrat,democrat,1,democrat,1,democrat,1,democrat,1,democrat,1,democrat,1,democrat,1,democrat,1,democrat,1,democrat,1
426,n,n,n,y,y,y,y,y,n,y,n,y,y,y,n,y,republican,republican,1,republican,1,republican,1,republican,1,republican,1,republican,1,republican,1,republican,1,republican,1,republican,1
427,n,n,n,n,n,n,y,y,y,y,n,n,y,n,y,y,democrat,democrat,1,democrat,1,democrat,1,democrat,1,democrat,1,democrat,1,democrat,1,democrat,1,democrat,1,democrat,1
428,y,n,y,n,n,n,y,y,y,y,n,y,n,n,y,y,democrat,democrat,1,democrat,1,democrat,1,democrat,1,democrat,1,democrat,1,democrat,1,democrat,1,democrat,1,democrat,1
429,n,n,y,y,y,y,n,n,y,y,n,y,y,y,n,y,republican,republican,1,republican,1,republican,1,republican,1,republican,1,republican,1,republican,1,republican,1,republican,1,republican,1
430,n,n,y,n,n,n,y,y,y,y,n,n,n,n,n,y,democrat,democrat,1,democrat,1,democrat,1,democrat,1,democrat,1,democrat,1,democrat,1,democrat,1,democrat,1,democrat,1
431,n,n,n,y,y,y,n,n,n,n,y,y,y,y,n,y,republican,republican,1,republican,1,republican,1,republican,1,republican,1,republican,1,republican,1,republican,1,republican,1,republican,1
432,n,n,n,y,y,y,n,n,n,n,n,y,y,y,n,y,republican,republican,1,republican,1,republican,1,republican,1,republican,1,republican,1,republican,1,republican,1,republican,1,republican,1
433,n,y,n,y,y,y,n,n,n,y,n,y,y,y,n,n,republican,republican,1,republican,1,republican,1,republican,1,republican,1,republican,1,republican,1,republican,1,republican,1,republican,1
